"#0",SETUP_ERROR
"#0",SETUP_ERROR
"#0",SETUP_ERROR
"#0",SETUP_ERROR
"#0",SETUP_ERROR
"#0",SETUP_ERROR
"#0",SETUP_ERROR
"#0",SETUP_ERROR
"#0",SETUP_ERROR
"#0",SETUP_ERROR
"#0",SETUP_ERROR
"#0",SETUP_ERROR
"#0",SETUP_ERROR
"#0",SETUP_ERROR
"#0",SETUP_ERROR
"#0",SETUP_ERROR
"#0",SETUP_ERROR
"#0",SETUP_ERROR
"#0",SETUP_ERROR
"#0",SETUP_ERROR
"#0",SETUP_ERROR
"#0",SETUP_ERROR
"#0",SETUP_ERROR
"#0",SETUP_ERROR
"#0",SETUP_ERROR
"#0",SETUP_ERROR
"#0",SETUP_ERROR
"#0",SETUP_ERROR
"#0",SETUP_ERROR
"#0",SETUP_ERROR
"#0",SETUP_ERROR
"#0",SETUP_ERROR
"#0",0.005594
"#1",0.003155
"#2",0.003533
"#3",0.003008
"#4",0.005632
"#5",0.002985
"#6",0.009950
"#7",0.004917
"#8",0.004536
"#9",0.004376
"#10",0.003349
"#11",0.006660
"#12",0.005834
"#13",0.005529
"#14",0.004075
"#15",0.004144
"#16",0.002894
"#17",0.003002
"#18",0.003457
"#19",0.003689
"#20",0.004043
"#21",0.003410
"#22",0.003156
"#23",0.003700
"#24",0.005348
"#25",0.003814
"#26",0.007003
"#27",0.005754
"#28",0.006770
"#29",0.004308
"#30",0.004921
"#31",0.004917
"#32",0.004381
"#33",0.003785
"#34",0.003813
"#35",0.002849
"#36",0.004447
"#37",0.003224
"#38",0.003567
"#39",0.002987
"#40",0.003324
"#41",0.003419
"#42",0.004735
"#43",0.003651
"#44",0.003163
"#45",0.007723
"#46",0.003130
"#47",0.003825
"#48",0.008018
"#49",0.004696
"#50",0.005145
"#51",0.004333
"#52",0.003613
"#53",0.003636
"#54",0.005812
"#55",0.004317
"#56",0.004390
"#57",0.006161
"#58",0.002852
"#59",0.002909
"#60",0.003926
"#61",0.003782
"#62",0.003097
"#63",0.003981
"#64",0.004217
"#65",0.004230
"#66",0.004623
"#67",0.003445
"#68",0.003468
"#69",0.007888
"#70",0.009609
"#71",0.005126
"#72",0.002915
"#73",0.003178
"#74",0.004337
"#75",0.007744
"#76",0.004628
"#77",0.005932
"#78",0.002884
"#79",0.003177
"#80",0.003881
"#81",0.004038
"#82",0.006152
"#83",0.003273
"#84",0.004749
"#85",0.005743
"#86",0.003744
"#87",0.004303
"#88",0.009450
"#89",0.006170
"#90",0.005074
"#91",0.003543
"#92",0.005154
"#93",0.006524
"#94",0.005509
"#95",0.004652
"#96",SETUP_ERROR
"#96",SETUP_ERROR
"#96",SETUP_ERROR
"#96",SETUP_ERROR
"#96",SETUP_ERROR
"#96",SETUP_ERROR
"#96",SETUP_ERROR
"#96",0.004986
"#97",SETUP_ERROR
"#97",SETUP_ERROR
"#97",SETUP_ERROR
"#97",SETUP_ERROR
"#97",SETUP_ERROR
"#97",SETUP_ERROR
"#97",SETUP_ERROR
"#97",SETUP_ERROR
"#97",SETUP_ERROR
"#97",SETUP_ERROR
"#97",SETUP_ERROR
"#97",SETUP_ERROR
"#97",SETUP_ERROR
"#97",SETUP_ERROR
"#97",SETUP_ERROR
"#97",SETUP_ERROR
"#97",SETUP_ERROR
"#97",SETUP_ERROR
"#97",SETUP_ERROR
"#97",SETUP_ERROR
"#97",SETUP_ERROR
"#97",SETUP_ERROR
"#97",SETUP_ERROR
"#97",SETUP_ERROR
"#97",0.004703
"#98",0.007098
"#99",0.005555
"#100",0.007808
"#101",0.004843
"#102",0.004902
"#103",0.004651
"#104",0.003510
"#105",0.005090
"#106",0.004352
"#107",0.004926
"#108",0.006105
"#109",0.009125
"#110",0.005439
"#111",0.008833
"#112",0.005612
"#113",0.006228
"#114",0.004388
"#115",0.005563
"#116",0.006372
"#117",0.003588
"#118",0.010365
"#119",0.004838
"#120",0.004021
"#121",0.004075
"#122",0.005002
"#123",0.011860
"#124",0.005541
"#125",0.008682
"#126",0.006986
"#127",0.007950
"#128",0.003934
"#129",SIGNALED
"#129",SIGNALED
"#129",SIGNALED
"#129",0.004016
"#130",SIGNALED
"#130",0.004044
"#131",SIGNALED
"#131",0.004519
"#132",SIGNALED
"#132",SIGNALED
"#132",SIGNALED
"#132",SIGNALED
"#132",SIGNALED
"#132",SIGNALED
"#132",SIGNALED
"#132",SIGNALED
"#132",SIGNALED
"#132",SIGNALED
"#132",SIGNALED
"#132",SIGNALED
"#132",SIGNALED
"#132",SIGNALED
"#132",SIGNALED
"#132",SIGNALED
"#132",SIGNALED
"#132",SIGNALED
"#132",SIGNALED
"#132",SIGNALED
"#132",SIGNALED
"#132",SIGNALED
"#132",SIGNALED
"#132",SIGNALED
"#132",SIGNALED
"#132",SIGNALED
"#132",SIGNALED
"#132",SIGNALED
"#132",SIGNALED
"#132",SIGNALED
"#132",SIGNALED
"#132",SIGNALED
"#132",SIGNALED
"#132",SIGNALED
"#132",SIGNALED
"#132",SIGNALED
"#132",SIGNALED
"#132",SIGNALED
"#132",SIGNALED
"#132",SIGNALED
"#132",SIGNALED
"#132",SIGNALED
"#132",SIGNALED
"#132",SIGNALED
"#132",SIGNALED
"#132",SIGNALED
"#132",SIGNALED
"#132",SIGNALED
"#132",SIGNALED
"#132",SIGNALED
"#132",SIGNALED
"#132",SIGNALED
"#132",SIGNALED
"#132",SIGNALED
"#132",SIGNALED
"#132",SIGNALED
"#132",SIGNALED
"#132",SIGNALED
"#132",SIGNALED
"#132",SIGNALED
"#132",SIGNALED
"#132",SIGNALED
"#132",SIGNALED
"#132",SIGNALED
"#132",SETUP_ERROR
"#132",SETUP_ERROR
"#132",SETUP_ERROR
"#132",SETUP_ERROR
"#132",SETUP_ERROR
"#132",SETUP_ERROR
"#132",SETUP_ERROR
"#132",SIGNALED
"#132",SETUP_ERROR
"#132",SETUP_ERROR
"#132",SETUP_ERROR
"#132",SETUP_ERROR
"#132",SETUP_ERROR
"#132",SETUP_ERROR
"#132",SETUP_ERROR
"#132",SETUP_ERROR
"#132",SETUP_ERROR
"#132",SETUP_ERROR
"#132",SETUP_ERROR
"#132",SETUP_ERROR
"#132",SETUP_ERROR
"#132",SETUP_ERROR
"#132",SETUP_ERROR
"#132",SETUP_ERROR
"#132",SETUP_ERROR
"#132",SETUP_ERROR
"#132",SETUP_ERROR
"#132",SETUP_ERROR
"#132",SETUP_ERROR
"#132",SETUP_ERROR
"#132",SETUP_ERROR
"#132",SETUP_ERROR
"#132",SETUP_ERROR
"#132",SETUP_ERROR
"#132",SETUP_ERROR
"#132",SETUP_ERROR
"#132",SETUP_ERROR
"#132",SETUP_ERROR
"#132",SETUP_ERROR
"#132",SETUP_ERROR
"#132",SETUP_ERROR
"#132",SETUP_ERROR
"#132",SETUP_ERROR
"#132",SETUP_ERROR
"#132",SETUP_ERROR
"#132",SETUP_ERROR
"#132",SETUP_ERROR
"#132",SETUP_ERROR
"#132",SETUP_ERROR
"#132",SETUP_ERROR
"#132",SETUP_ERROR
"#132",SETUP_ERROR
"#132",SETUP_ERROR
"#132",SETUP_ERROR
"#132",SETUP_ERROR
"#132",SETUP_ERROR
"#132",0.004574
"#133",0.005251
"#134",0.005175
"#135",0.003368
"#136",0.004722
"#137",0.007491
"#138",0.003810
"#139",0.004494
"#140",0.003060
"#141",0.003385
"#142",0.002930
"#143",0.005222
"#144",0.004274
"#145",0.003363
"#146",0.003566
"#147",0.003460
"#148",0.004936
"#149",0.005347
"#150",0.003801
"#151",0.014073
"#152",0.008318
"#153",0.007486
"#154",0.006044
"#155",0.003604
"#156",0.006211
"#157",0.007054
"#158",0.003941
"#159",0.003658
"#160",0.006816
"#161",0.004049
"#162",0.003127
"#163",0.005106
"#164",0.004177
"#165",0.003228
"#166",0.003429
"#167",0.003906
"#168",0.005070
"#169",0.005284
"#170",0.008136
"#171",0.004938
"#172",0.005115
"#173",0.007947
"#174",0.006125
"#175",0.005757
"#176",0.004297
"#177",0.006314
"#178",0.007675
"#179",0.005391
"#180",0.005474
"#181",0.006070
"#182",0.003280
"#183",0.006127
"#184",0.005737
"#185",0.005351
"#186",0.004151
"#187",0.007163
"#188",0.004172
"#189",0.004681
"#190",0.002994
"#191",0.004021
"#192",0.004440
"#193",0.005465
"#194",0.003479
"#195",0.003601
"#196",0.003224
"#197",0.005230
"#198",0.003816
"#199",0.003255
"#200",0.003348
"#201",0.003643
"#202",0.003018
"#203",0.003202
"#204",0.003949
"#205",0.007128
"#206",0.007308
"#207",0.004676
"#208",0.003473
"#209",0.004147
"#210",0.005570
"#211",0.005160
"#212",0.004802
"#213",0.006012
"#214",0.007125
"#215",0.006580
"#216",0.005057
"#217",0.005538
"#218",0.003878
"#219",0.004255
"#220",0.004231
"#221",0.003171
"#222",0.003598
"#223",0.003695
"#224",0.006394
"#225",0.005139
"#226",0.004609
"#227",0.006356
"#228",0.004159
"#229",0.004446
"#230",0.003670
"#231",0.006123
"#232",0.005119
"#233",0.003450
"#234",0.003289
"#235",0.003493
"#236",0.004674
"#237",0.004532
"#238",0.003095
"#239",0.003029
"#240",0.003415
"#241",0.011491
"#242",0.008214
"#243",0.010132
"#244",SETUP_ERROR
"#244",SETUP_ERROR
"#244",SETUP_ERROR
"#244",SETUP_ERROR
"#244",SETUP_ERROR
"#244",SETUP_ERROR
"#244",SETUP_ERROR
"#244",SETUP_ERROR
"#244",SETUP_ERROR
"#244",SETUP_ERROR
"#244",SETUP_ERROR
"#244",SETUP_ERROR
"#244",SETUP_ERROR
"#244",SETUP_ERROR
"#244",SETUP_ERROR
"#244",SETUP_ERROR
"#244",SETUP_ERROR
"#244",SETUP_ERROR
"#244",SETUP_ERROR
"#244",SETUP_ERROR
"#244",SETUP_ERROR
"#244",0.003069
"#245",SIGNALED
"#245",0.003652
"#246",SETUP_ERROR
"#246",SETUP_ERROR
"#246",SETUP_ERROR
"#246",SETUP_ERROR
"#246",SETUP_ERROR
"#246",SETUP_ERROR
"#246",SETUP_ERROR
"#246",SETUP_ERROR
"#246",0.003317
"#247",0.004787
"#248",0.003370
"#249",0.003924
"#250",0.004149
"#251",0.004103
"#252",0.005461
"#253",0.005075
"#254",0.004509
"#255",0.006415
"#256",0.004323
"#257",0.003674
"#258",0.011246
"#259",0.006158
"#260",0.004562
"#261",0.005302
"#262",0.005384
"#263",0.004448
"#264",0.007470
"#265",0.006696
"#266",0.003786
"#267",0.003328
"#268",0.005103
"#269",0.005258
"#270",0.007194
"#271",0.004212
"#272",0.003551
"#273",0.003597
"#274",0.003008
"#275",0.004073
"#276",0.006283
"#277",0.005712
"#278",0.007297
"#279",0.003414
"#280",0.003197
"#281",0.007267
"#282",0.007036
"#283",0.004251
"#284",0.004319
"#285",0.003236
"#286",0.003612
"#287",0.004214
"#288",0.005459
"#289",0.005548
"#290",0.004876
"#291",0.004195
"#292",0.004029
"#293",0.005289
"#294",0.005227
"#295",0.007256
"#296",0.004916
"#297",0.004467
"#298",0.003083
"#299",0.004579
"#300",SETUP_ERROR
"#300",0.005152
"#301",0.004358
"#302",0.004376
"#303",0.003731
"#304",0.003765
"#305",0.004493
"#306",0.004566
"#307",0.007332
"#308",0.003844
"#309",0.004023
"#310",0.003263
"#311",0.004095
"#312",0.003971
"#313",0.005924
"#314",0.006143
"#315",0.004839
"#316",0.005141
"#317",0.003228
"#318",0.005607
"#319",0.004988
"#320",0.007358
"#321",0.004826
"#322",0.004390
"#323",0.003828
"#324",0.005220
"#325",0.004740
"#326",0.006194
"#327",0.009022
"#328",0.004697
"#329",0.005232
"#330",0.005657
"#331",0.005953
"#332",0.005199
"#333",0.004031
"#334",0.004022
"#335",0.003830
"#336",0.004513
"#337",0.007338
"#338",0.005662
"#339",0.004815
"#340",0.004860
"#341",0.003463
"#342",0.005097
"#343",0.005139
"#344",0.005153
"#345",0.005942
"#346",0.004351
"#347",0.005100
"#348",0.004672
"#349",0.005722
"#350",0.004462
"#351",0.004835
"#352",0.003403
"#353",0.002975
"#354",0.003095
"#355",0.004342
"#356",0.002850
"#357",SIGNALED
"#357",SIGNALED
"#357",SIGNALED
"#357",SIGNALED
"#357",SIGNALED
"#357",SIGNALED
"#357",SIGNALED
"#357",SIGNALED
"#357",0.005504
"#358",0.005162
"#359",0.006000
"#360",0.005803
"#361",SIGNALED
"#361",SIGNALED
"#361",SIGNALED
"#361",SIGNALED
"#361",0.003279
"#362",0.003664
"#363",0.003146
"#364",0.003613
"#365",0.003088
"#366",0.003084
"#367",0.004617
"#368",0.003731
"#369",0.004259
"#370",0.004615
"#371",0.003231
"#372",0.004383
"#373",0.005299
"#374",0.006519
"#375",0.005977
"#376",0.003631
"#377",0.004146
"#378",0.005196
"#379",0.005244
"#380",0.004625
"#381",0.004449
"#382",0.003728
"#383",0.002968
"#384",0.004398
"#385",0.003388
"#386",0.004058
"#387",0.003409
"#388",0.003095
"#389",0.005463
"#390",0.004788
"#391",0.003240
"#392",0.003994
"#393",0.003636
"#394",0.006808
"#395",0.006664
"#396",0.005046
"#397",0.003678
"#398",0.004624
"#399",0.006472
"#400",0.005520
"#401",SIGNALED
"#401",0.004669
"#402",0.003304
"#403",0.003848
"#404",0.003637
"#405",0.003257
"#406",0.003193
"#407",0.003672
"#408",SIGNALED
"#408",SIGNALED
"#408",SIGNALED
"#408",SIGNALED
"#408",SIGNALED
"#408",SIGNALED
"#408",SIGNALED
"#408",SIGNALED
"#408",0.003896
"#409",0.005112
"#410",0.004321
"#411",0.005267
"#412",SIGNALED
"#412",SIGNALED
"#412",SIGNALED
"#412",SIGNALED
"#412",0.003989
"#413",SIGNALED
"#413",0.005514
"#414",0.006104
"#415",0.004512
"#416",0.004379
"#417",0.004569
"#418",0.005490
"#419",0.005934
"#420",0.004658
"#421",0.006087
"#422",0.006409
"#423",0.006445
"#424",0.005198
"#425",0.003539
"#426",0.003525
"#427",0.004137
"#428",0.003990
"#429",0.006505
"#430",0.008005
"#431",0.004031
"#432",0.004596
"#433",0.004466
"#434",0.003196
"#435",SIGNALED
"#435",0.005822
"#436",0.003330
"#437",0.003634
"#438",0.002915
"#439",0.003953
"#440",0.004972
"#441",0.004498
"#442",SIGNALED
"#442",SIGNALED
"#442",SIGNALED
"#442",SIGNALED
"#442",SIGNALED
"#442",SIGNALED
"#442",SIGNALED
"#442",SIGNALED
"#442",SIGNALED
"#442",SIGNALED
"#442",SIGNALED
"#442",SIGNALED
"#442",SIGNALED
"#442",SIGNALED
"#442",SIGNALED
"#442",SIGNALED
"#442",0.003794
"#443",0.003087
"#444",0.003612
"#445",0.003923
"#446",0.003299
"#447",0.003169
"#448",0.004065
"#449",0.002986
"#450",0.003339
"#451",0.003018
"#452",0.002984
"#453",0.003678
"#454",0.003732
"#455",0.002875
"#456",0.003331
"#457",0.003275
"#458",0.003451
"#459",0.003078
"#460",0.002882
"#461",0.003281
"#462",0.004462
"#463",0.003274
"#464",0.003196
"#465",0.003214
"#466",0.002972
"#467",0.003310
"#468",0.002919
"#469",0.003606
"#470",0.002779
"#471",0.003641
"#472",0.003210
"#473",0.003264
"#474",0.003061
"#475",0.002991
"#476",0.003471
"#477",0.003331
"#478",0.003509
"#479",0.002869
"#480",0.004529
"#481",0.002866
"#482",0.003103
"#483",0.005104
"#484",0.003385
"#485",0.004043
"#486",0.003119
"#487",0.003485
"#488",0.003035
"#489",0.003007
"#490",0.004330
"#491",0.002851
"#492",0.003193
"#493",0.003381
"#494",0.003536
"#495",0.003949
"#496",0.003120
"#497",0.003563
"#498",0.002930
"#499",0.003276
"#500",0.003291
"#501",0.004262
"#502",0.003004
"#503",0.003849
"#504",0.004947
"#505",0.003735
"#506",0.004389
"#507",0.004008
"#508",0.002947
"#509",SIGNALED
"#509",0.003434
"#510",SIGNALED
"#510",SIGNALED
"#510",SIGNALED
"#510",SIGNALED
"#510",SIGNALED
"#510",SIGNALED
"#510",SIGNALED
"#510",SIGNALED
"#510",SIGNALED
"#510",SIGNALED
"#510",SIGNALED
"#510",SIGNALED
"#510",SIGNALED
"#510",SIGNALED
"#510",SIGNALED
"#510",SIGNALED
"#510",SIGNALED
"#510",SIGNALED
"#510",SIGNALED
"#510",SIGNALED
"#510",SIGNALED
"#510",SIGNALED
"#510",SIGNALED
"#510",SIGNALED
"#510",SIGNALED
"#510",SIGNALED
"#510",SIGNALED
"#510",SIGNALED
"#510",SIGNALED
"#510",SIGNALED
"#510",SIGNALED
"#510",SIGNALED
"#510",SIGNALED
"#510",SIGNALED
"#510",SIGNALED
"#510",SIGNALED
"#510",SIGNALED
"#510",SIGNALED
"#510",SIGNALED
"#510",SIGNALED
"#510",SIGNALED
"#510",SIGNALED
"#510",SIGNALED
"#510",SIGNALED
"#510",SIGNALED
"#510",SIGNALED
"#510",SIGNALED
"#510",SIGNALED
"#510",SIGNALED
"#510",SIGNALED
"#510",SIGNALED
"#510",SIGNALED
"#510",SIGNALED
"#510",SIGNALED
"#510",SIGNALED
"#510",SIGNALED
"#510",SIGNALED
"#510",SIGNALED
"#510",SIGNALED
"#510",SIGNALED
"#510",SIGNALED
"#510",SIGNALED
"#510",0.004822
"#511",SIGNALED
"#511",0.003969
"#512",0.003046
"#513",0.003800
"#514",SIGNALED
"#514",SIGNALED
"#514",SIGNALED
"#514",SIGNALED
"#514",SIGNALED
"#514",SIGNALED
"#514",SIGNALED
"#514",SIGNALED
"#514",SIGNALED
"#514",SIGNALED
"#514",SIGNALED
"#514",SIGNALED
"#514",SIGNALED
"#514",SIGNALED
"#514",SIGNALED
"#514",SIGNALED
"#514",SIGNALED
"#514",SIGNALED
"#514",SIGNALED
"#514",SIGNALED
"#514",SIGNALED
"#514",SIGNALED
"#514",SIGNALED
"#514",SIGNALED
"#514",SIGNALED
"#514",SIGNALED
"#514",SIGNALED
"#514",SIGNALED
"#514",SIGNALED
"#514",SIGNALED
"#514",SIGNALED
"#514",SIGNALED
"#514",SIGNALED
"#514",SIGNALED
"#514",SIGNALED
"#514",SIGNALED
"#514",SIGNALED
"#514",SIGNALED
"#514",SIGNALED
"#514",SIGNALED
"#514",SIGNALED
"#514",SIGNALED
"#514",SIGNALED
"#514",SIGNALED
"#514",SIGNALED
"#514",SIGNALED
"#514",SIGNALED
"#514",SIGNALED
"#514",SIGNALED
"#514",SIGNALED
"#514",SIGNALED
"#514",SIGNALED
"#514",SIGNALED
"#514",SIGNALED
"#514",SIGNALED
"#514",SIGNALED
"#514",0.004851
"#515",0.004575
"#516",0.007147
"#517",0.004533
"#518",0.004027
"#519",0.003319
"#520",0.004086
"#521",0.004155
"#522",0.004795
"#523",0.003469
"#524",0.003683
"#525",0.003573
"#526",0.004023
"#527",0.004252
"#528",0.006020
"#529",0.005290
"#530",0.004276
"#531",0.004804
"#532",0.004014
"#533",0.003223
"#534",0.003672
"#535",0.006601
"#536",0.004327
"#537",0.003792
"#538",0.004073
"#539",0.003869
"#540",0.003226
"#541",0.004497
"#542",0.005003
"#543",0.003832
"#544",0.005029
"#545",0.003465
"#546",0.003101
"#547",0.004132
"#548",0.002836
"#549",0.002910
"#550",0.004198
"#551",0.003000
"#552",0.002812
"#553",0.002788
"#554",0.003221
"#555",0.003357
"#556",0.003034
"#557",0.003163
"#558",0.003231
"#559",0.003954
"#560",0.003742
"#561",0.003354
"#562",0.003283
"#563",0.003418
"#564",0.003044
"#565",0.003268
"#566",0.003128
"#567",0.004145
"#568",0.002812
"#569",0.004196
"#570",0.003969
"#571",0.004287
"#572",0.005098
"#573",0.004436
"#574",0.004248
"#575",0.003559
"#576",0.004905
"#577",0.004220
"#578",SIGNALED
"#578",SIGNALED
"#578",SIGNALED
"#578",SIGNALED
"#578",SIGNALED
"#578",SIGNALED
"#578",SETUP_ERROR
"#578",SIGNALED
"#578",SIGNALED
"#578",SIGNALED
"#578",SIGNALED
"#578",SIGNALED
"#578",SIGNALED
"#578",SIGNALED
"#578",SIGNALED
"#578",SIGNALED
"#578",SIGNALED
"#578",SIGNALED
"#578",SIGNALED
"#578",SIGNALED
"#578",SIGNALED
"#578",SIGNALED
"#578",SIGNALED
"#578",SIGNALED
"#578",SIGNALED
"#578",SIGNALED
"#578",SIGNALED
"#578",SIGNALED
"#578",SIGNALED
"#578",SIGNALED
"#578",SIGNALED
"#578",SIGNALED
"#578",0.007138
"#579",0.005462
"#580",0.005623
"#581",0.005519
"#582",0.007695
"#583",0.005740
"#584",0.004594
"#585",SIGNALED
"#585",0.007259
"#586",0.006000
"#587",0.005635
"#588",0.006907
"#589",0.007159
"#590",0.005561
"#591",0.006808
"#592",0.012175
"#593",0.006953
"#594",0.007097
"#595",0.006588
"#596",0.005572
"#597",0.007079
"#598",0.007917
"#599",0.006177
"#600",0.016074
"#601",0.005740
"#602",0.004071
"#603",0.007554
"#604",0.009422
"#605",0.007732
"#606",0.005694
"#607",0.006224
"#608",0.007640
"#609",SIGNALED
"#609",SIGNALED
"#609",SIGNALED
"#609",SIGNALED
"#609",SIGNALED
"#609",SIGNALED
"#609",SIGNALED
"#609",SIGNALED
"#609",SIGNALED
"#609",SIGNALED
"#609",SIGNALED
"#609",SIGNALED
"#609",SIGNALED
"#609",SIGNALED
"#609",SIGNALED
"#609",SIGNALED
"#609",SIGNALED
"#609",SIGNALED
"#609",SIGNALED
"#609",SIGNALED
"#609",SIGNALED
"#609",SIGNALED
"#609",SIGNALED
"#609",SIGNALED
"#609",SIGNALED
"#609",SIGNALED
"#609",SIGNALED
"#609",SIGNALED
"#609",SIGNALED
"#609",SIGNALED
"#609",SIGNALED
"#609",SIGNALED
"#609",SIGNALED
"#609",SIGNALED
"#609",SIGNALED
"#609",SIGNALED
"#609",SIGNALED
"#609",SIGNALED
"#609",SIGNALED
"#609",SIGNALED
"#609",SIGNALED
"#609",SIGNALED
"#609",SIGNALED
"#609",SIGNALED
"#609",SIGNALED
"#609",SIGNALED
"#609",SIGNALED
"#609",SIGNALED
"#609",SIGNALED
"#609",SIGNALED
"#609",SIGNALED
"#609",SIGNALED
"#609",SIGNALED
"#609",SIGNALED
"#609",SIGNALED
"#609",SIGNALED
"#609",SIGNALED
"#609",SIGNALED
"#609",SIGNALED
"#609",SIGNALED
"#609",SIGNALED
"#609",SIGNALED
"#609",SIGNALED
"#609",SIGNALED
"#609",SIGNALED
"#609",SIGNALED
"#609",SIGNALED
"#609",SIGNALED
"#609",SIGNALED
"#609",SIGNALED
"#609",SIGNALED
"#609",SIGNALED
"#609",SIGNALED
"#609",SIGNALED
"#609",SIGNALED
"#609",SIGNALED
"#609",SIGNALED
"#609",SIGNALED
"#609",SIGNALED
"#609",SIGNALED
"#609",SIGNALED
"#609",SIGNALED
"#609",SIGNALED
"#609",SIGNALED
"#609",SIGNALED
"#609",SIGNALED
"#609",SIGNALED
"#609",SIGNALED
"#609",SIGNALED
"#609",SIGNALED
"#609",SIGNALED
"#609",SIGNALED
"#609",SIGNALED
"#609",SIGNALED
"#609",SIGNALED
"#609",SIGNALED
"#609",SIGNALED
"#609",SIGNALED
"#609",SIGNALED
"#609",SIGNALED
"#609",SIGNALED
"#609",SIGNALED
"#609",SIGNALED
"#609",SIGNALED
"#609",SIGNALED
"#609",SIGNALED
"#609",SIGNALED
"#609",SIGNALED
"#609",SIGNALED
"#609",SIGNALED
"#609",SIGNALED
"#609",SIGNALED
"#609",SIGNALED
"#609",SIGNALED
"#609",SIGNALED
"#609",SIGNALED
"#609",SIGNALED
"#609",SIGNALED
"#609",SIGNALED
"#609",SIGNALED
"#609",SIGNALED
"#609",SIGNALED
"#609",SIGNALED
"#609",SIGNALED
"#609",SIGNALED
"#609",SIGNALED
"#609",SIGNALED
"#609",SIGNALED
"#609",0.004972
"#610",0.003977
"#611",0.003611
"#612",0.003405
"#613",0.007170
"#614",0.003617
"#615",0.003644
"#616",0.003943
"#617",0.004271
"#618",0.002712
"#619",0.002698
"#620",0.003628
"#621",0.003346
"#622",0.004493
"#623",0.002977
"#624",0.003588
"#625",0.002673
"#626",0.002963
"#627",0.003508
"#628",0.002843
"#629",0.003238
"#630",0.003407
"#631",0.005984
"#632",0.003388
"#633",0.002989
"#634",0.002909
"#635",0.003153
"#636",0.004150
"#637",0.002774
"#638",0.005144
"#639",0.004026
"#640",0.003660
"#641",0.002844
"#642",0.004157
"#643",0.002561
"#644",0.003029
"#645",0.003669
"#646",0.003763
"#647",0.003575
"#648",0.003383
"#649",0.002940
"#650",0.003236
"#651",0.003952
"#652",0.003957
"#653",0.002699
"#654",0.003135
"#655",0.003344
"#656",0.003916
"#657",0.003106
"#658",0.003833
"#659",0.003096
"#660",0.003253
"#661",0.002873
"#662",0.002934
"#663",0.003491
"#664",0.003261
"#665",0.006969
"#666",0.003428
"#667",0.003581
"#668",0.003416
"#669",0.003333
"#670",0.003140
"#671",0.002718
"#672",0.003547
"#673",SIGNALED
"#673",SIGNALED
"#673",SIGNALED
"#673",SIGNALED
"#673",SIGNALED
"#673",SIGNALED
"#673",SIGNALED
"#673",SIGNALED
"#673",SIGNALED
"#673",SIGNALED
"#673",SIGNALED
"#673",SIGNALED
"#673",SIGNALED
"#673",SIGNALED
"#673",SIGNALED
"#673",SIGNALED
"#673",SIGNALED
"#673",SIGNALED
"#673",SIGNALED
"#673",SIGNALED
"#673",SIGNALED
"#673",SIGNALED
"#673",SIGNALED
"#673",SIGNALED
"#673",SIGNALED
"#673",SIGNALED
"#673",SIGNALED
"#673",SIGNALED
"#673",SIGNALED
"#673",SIGNALED
"#673",SIGNALED
"#673",SIGNALED
"#673",SIGNALED
"#673",SIGNALED
"#673",SIGNALED
"#673",SIGNALED
"#673",SIGNALED
"#673",SIGNALED
"#673",SIGNALED
"#673",SIGNALED
"#673",SIGNALED
"#673",SIGNALED
"#673",SIGNALED
"#673",SIGNALED
"#673",SIGNALED
"#673",SIGNALED
"#673",SIGNALED
"#673",SIGNALED
"#673",SIGNALED
"#673",SIGNALED
"#673",SIGNALED
"#673",SIGNALED
"#673",SIGNALED
"#673",SIGNALED
"#673",SIGNALED
"#673",SIGNALED
"#673",SIGNALED
"#673",SIGNALED
"#673",SIGNALED
"#673",SIGNALED
"#673",SIGNALED
"#673",SIGNALED
"#673",SIGNALED
"#673",SIGNALED
"#673",SIGNALED
"#673",SIGNALED
"#673",SIGNALED
"#673",SIGNALED
"#673",SIGNALED
"#673",SIGNALED
"#673",SIGNALED
"#673",SIGNALED
"#673",SIGNALED
"#673",SIGNALED
"#673",SIGNALED
"#673",SIGNALED
"#673",SIGNALED
"#673",SIGNALED
"#673",SIGNALED
"#673",SIGNALED
"#673",SIGNALED
"#673",SIGNALED
"#673",SIGNALED
"#673",SIGNALED
"#673",SIGNALED
"#673",SIGNALED
"#673",SIGNALED
"#673",SIGNALED
"#673",SIGNALED
"#673",SIGNALED
"#673",SIGNALED
"#673",SIGNALED
"#673",SIGNALED
"#673",SIGNALED
"#673",SIGNALED
"#673",SIGNALED
"#673",SIGNALED
"#673",SIGNALED
"#673",SIGNALED
"#673",SIGNALED
"#673",SIGNALED
"#673",SIGNALED
"#673",SIGNALED
"#673",SIGNALED
"#673",SIGNALED
"#673",SIGNALED
"#673",SIGNALED
"#673",SIGNALED
"#673",SIGNALED
"#673",SIGNALED
"#673",SIGNALED
"#673",SIGNALED
"#673",SIGNALED
"#673",SIGNALED
"#673",SIGNALED
"#673",SIGNALED
"#673",SIGNALED
"#673",SIGNALED
"#673",SIGNALED
"#673",SIGNALED
"#673",SIGNALED
"#673",SIGNALED
"#673",SIGNALED
"#673",SIGNALED
"#673",SIGNALED
"#673",SIGNALED
"#673",SIGNALED
"#673",SIGNALED
"#673",0.003639
"#674",0.002764
"#675",0.004562
"#676",0.003815
"#677",0.003861
"#678",0.003089
"#679",0.003781
"#680",0.004292
"#681",0.004972
"#682",0.005790
"#683",0.005085
"#684",0.004596
"#685",0.003693
"#686",0.004228
"#687",0.004758
"#688",0.006719
"#689",0.004976
"#690",0.003966
"#691",0.003527
"#692",0.003244
"#693",0.003010
"#694",0.003590
"#695",0.002926
"#696",0.003945
"#697",0.003634
"#698",0.004509
"#699",0.003135
"#700",0.003320
"#701",0.003253
"#702",0.004633
"#703",0.006904
"#704",0.007237
"#705",0.004045
"#706",0.003496
"#707",0.003522
"#708",0.003840
"#709",0.003935
"#710",0.004923
"#711",0.004056
"#712",0.004027
"#713",0.003864
"#714",0.002954
"#715",0.003125
"#716",0.003643
"#717",0.003050
"#718",0.003020
"#719",0.003369
"#720",0.004296
"#721",0.004272
"#722",0.003209
"#723",0.003396
"#724",0.004985
"#725",0.006242
"#726",0.006014
"#727",0.005609
"#728",0.003614
"#729",0.004764
"#730",0.003104
"#731",0.004119
"#732",0.003753
"#733",0.004686
"#734",0.005264
"#735",0.003323
"#736",0.003223
"#737",0.002788
"#738",0.003141
"#739",0.003193
"#740",0.003334
"#741",0.003261
"#742",0.004683
"#743",0.003587
"#744",0.003612
"#745",0.003300
"#746",0.004788
"#747",0.004478
"#748",0.004701
"#749",0.006635
"#750",0.004858
"#751",0.004363
"#752",0.003711
"#753",0.003221
"#754",0.004200
"#755",0.008358
"#756",0.006444
"#757",0.004295
"#758",0.003306
"#759",0.004825
"#760",0.004083
"#761",0.003029
"#762",0.003580
"#763",0.008614
"#764",0.003841
"#765",0.003321
"#766",0.003679
"#767",0.005432
"#768",0.005468
"#769",0.003971
"#770",0.003745
"#771",0.003601
"#772",0.003064
"#773",0.004273
"#774",0.003535
"#775",0.003849
"#776",0.003116
"#777",0.004651
"#778",0.003734
"#779",0.003994
"#780",0.003832
"#781",0.003739
"#782",0.006740
"#783",0.004519
"#784",0.003808
"#785",0.004876
"#786",0.002992
"#787",0.003419
"#788",0.003931
"#789",0.004311
"#790",0.003372
"#791",0.004683
"#792",0.003898
"#793",0.007580
"#794",0.003737
"#795",0.003951
"#796",0.003997
"#797",0.004424
"#798",0.003517
"#799",0.004369
"#800",0.003748
"#801",0.002842
"#802",0.003568
"#803",0.004559
"#804",0.003922
"#805",0.003844
"#806",0.003140
"#807",0.003416
"#808",0.005125
"#809",0.004278
"#810",0.003071
"#811",0.004593
"#812",0.004846
"#813",0.003709
"#814",0.003752
"#815",0.003268
"#816",0.004123
"#817",0.004466
"#818",0.005399
"#819",0.004192
"#820",0.003612
"#821",0.003324
"#822",0.003087
"#823",0.004318
"#824",0.003791
"#825",0.002596
"#826",0.003113
"#827",0.003132
"#828",0.005701
"#829",0.004355
"#830",0.004143
"#831",0.004950
"#832",0.004860
"#833",0.005615
"#834",0.006283
"#835",0.003462
"#836",0.004434
"#837",0.005635
"#838",0.003144
"#839",0.003655
"#840",0.003053
"#841",0.003687
"#842",0.003025
"#843",0.003322
"#844",0.003213
"#845",0.005936
"#846",0.003532
"#847",0.003344
"#848",0.003815
"#849",0.004690
"#850",0.005282
"#851",0.003874
"#852",0.007141
"#853",0.004601
"#854",0.005520
"#855",0.004004
"#856",0.006305
"#857",0.004273
"#858",0.003640
"#859",0.003229
"#860",0.003321
"#861",0.003305
"#862",0.003112
"#863",0.003305
"#864",0.002877
"#865",0.002755
"#866",0.003557
"#867",0.004597
"#868",0.004203
"#869",0.003826
"#870",0.004248
"#871",0.004949
"#872",0.005850
"#873",0.003277
"#874",0.003596
"#875",0.003864
"#876",0.003352
"#877",0.004234
"#878",0.004056
"#879",0.004103
"#880",0.003401
"#881",0.004620
"#882",0.006424
"#883",0.003098
"#884",0.003154
"#885",0.003225
"#886",0.003800
"#887",0.002890
"#888",0.002859
"#889",0.003403
"#890",0.003186
"#891",0.004542
"#892",0.003375
"#893",0.002827
"#894",0.003614
"#895",0.006197
"#896",0.004469
"#897",0.004245
"#898",0.006833
"#899",0.003919
"#900",0.007622
"#901",0.004756
"#902",0.003609
"#903",0.003578
"#904",0.008229
"#905",0.006157
"#906",0.005121
"#907",0.005494
"#908",0.004577
"#909",0.004188
"#910",0.005407
"#911",0.004416
"#912",0.003406
"#913",0.006121
"#914",0.004021
"#915",0.003672
"#916",0.007378
"#917",0.005358
"#918",0.008352
"#919",0.004099
"#920",0.004446
"#921",0.003393
"#922",0.003042
"#923",0.003185
"#924",0.003743
"#925",0.003807
"#926",0.004186
"#927",0.005737
"#928",0.004267
"#929",0.003317
"#930",0.003217
"#931",0.003877
"#932",0.004326
"#933",0.004775
"#934",0.004721
"#935",0.004310
"#936",0.003578
"#937",0.004195
"#938",0.003087
"#939",0.007309
"#940",0.005493
"#941",0.003664
"#942",0.003144
"#943",0.004220
"#944",0.004901
"#945",0.008387
"#946",0.004080
"#947",0.003654
"#948",0.004060
"#949",0.003380
"#950",0.004402
"#951",0.003917
"#952",0.004575
"#953",0.005952
"#954",0.005941
"#955",0.006102
"#956",0.004445
"#957",0.005001
"#958",0.003481
"#959",0.005502
"#960",0.003781
"#961",0.003003
"#962",0.003869
"#963",0.004637
"#964",0.005402
"#965",0.004273
"#966",0.005072
"#967",0.003663
"#968",0.004398
"#969",0.004203
"#970",0.005418
"#971",0.003709
"#972",0.003191
"#973",0.003514
"#974",0.005613
"#975",0.004839
"#976",0.004895
"#977",0.005234
"#978",0.003328
"#979",0.003622
"#980",0.006720
"#981",0.004989
"#982",0.004944
"#983",0.005496
"#984",0.003845
"#985",0.003803
"#986",0.003597
"#987",0.007758
"#988",0.005314
"#989",0.008934
"#990",0.003915
"#991",0.004573
"#992",0.005340
"#993",0.004928
"#994",0.006384
"#995",0.006533
"#996",0.007452
"#997",0.004840
"#998",0.003991
"#999",0.005745
"#1000",0.004588
"#1001",0.006237
"#1002",0.005005
"#1003",0.006765
"#1004",0.004582
"#1005",0.003402
"#1006",0.005057
"#1007",0.004950
"#1008",0.004207
"#1009",0.006498
"#1010",0.003558
"#1011",0.003613
"#1012",0.005819
"#1013",0.005175
"#1014",0.004347
"#1015",0.006149
"#1016",0.003976
"#1017",0.004239
"#1018",0.004898
"#1019",0.005533
"#1020",0.003559
"#1021",0.004150
"#1022",0.004849
"#1023",0.003780
"#1024",0.004499
"#1025",0.003515
"#1026",0.003032
"#1027",0.003319
"#1028",0.002968
"#1029",0.002854
"#1030",0.004693
"#1031",0.003158
"#1032",0.003199
"#1033",0.002948
"#1034",0.003922
"#1035",0.003931
"#1036",0.002853
"#1037",0.003250
"#1038",0.006052
"#1039",0.004607
"#1040",0.005113
"#1041",0.004342
"#1042",0.003829
"#1043",0.003112
"#1044",0.004065
"#1045",0.004599
"#1046",0.003782
"#1047",0.003945
"#1048",0.002882
"#1049",0.003138
"#1050",0.003075
"#1051",0.002939
"#1052",0.003525
"#1053",0.002683
"#1054",0.003230
"#1055",0.004436
"#1056",0.003813
"#1057",0.003017
"#1058",0.003327
"#1059",0.004403
"#1060",0.003771
"#1061",0.004550
"#1062",0.005708
"#1063",0.004230
"#1064",0.003719
"#1065",0.003023
"#1066",0.003547
"#1067",0.005181
"#1068",0.004648
"#1069",0.004773
"#1070",0.003253
"#1071",0.003635
"#1072",0.002681
"#1073",0.003274
"#1074",0.003254
"#1075",0.002878
"#1076",0.003432
"#1077",0.004359
"#1078",0.003022
"#1079",0.003069
"#1080",0.002777
"#1081",0.002583
"#1082",0.003609
"#1083",0.003031
"#1084",0.002875
"#1085",0.002734
"#1086",0.003600
"#1087",0.005483
"#1088",0.004479
"#1089",0.003766
"#1090",0.003647
"#1091",0.005543
"#1092",0.004125
"#1093",0.003152
"#1094",0.003162
"#1095",0.003218
"#1096",0.004085
"#1097",0.002872
"#1098",0.003068
"#1099",0.002966
"#1100",0.003066
"#1101",0.003296
"#1102",0.002765
"#1103",0.004248
"#1104",0.005770
"#1105",0.004062
"#1106",0.003465
"#1107",0.006296
"#1108",0.004282
"#1109",0.003261
"#1110",0.003075
"#1111",0.006228
"#1112",0.003429
"#1113",0.003824
"#1114",0.003939
"#1115",0.004249
"#1116",0.004297
"#1117",0.003086
"#1118",0.003901
"#1119",0.003507
"#1120",0.003551
"#1121",0.003055
"#1122",0.003305
"#1123",0.003204
"#1124",0.002922
"#1125",0.003555
"#1126",0.004616
"#1127",0.006450
"#1128",0.004185
"#1129",0.003835
"#1130",0.003506
"#1131",0.004850
"#1132",0.005569
"#1133",0.004900
"#1134",0.004781
"#1135",0.005320
"#1136",0.003128
"#1137",0.003974
"#1138",0.004138
"#1139",0.004782
"#1140",0.003969
"#1141",0.006204
"#1142",0.004309
"#1143",0.003205
"#1144",0.003174
"#1145",0.003425
"#1146",0.005745
"#1147",0.004665
"#1148",0.004563
"#1149",0.004751
"#1150",0.003543
"#1151",0.004073
"#1152",0.003310
"#1153",0.004833
"#1154",0.006202
"#1155",0.003241
"#1156",0.003777
"#1157",0.002834
"#1158",0.003028
"#1159",0.002962
"#1160",0.004017
"#1161",0.003007
"#1162",0.003368
"#1163",0.002923
"#1164",0.003423
"#1165",0.002842
"#1166",0.002849
"#1167",0.005181
"#1168",0.004369
"#1169",0.004575
"#1170",0.005596
"#1171",0.004059
"#1172",0.003159
"#1173",0.004721
"#1174",0.005134
"#1175",0.003788
"#1176",0.002765
"#1177",0.003840
"#1178",0.002762
"#1179",0.002848
"#1180",0.004150
"#1181",0.004196
"#1182",0.003032
"#1183",0.002971
"#1184",0.002892
"#1185",SIGNALED
"#1185",SIGNALED
"#1185",0.004401
"#1186",0.003649
"#1187",0.003384
"#1188",0.003362
"#1189",0.004796
"#1190",0.005259
"#1191",0.003859
"#1192",SIGNALED
"#1192",0.004718
"#1193",0.002861
"#1194",0.002770
"#1195",SIGNALED
"#1195",0.003658
"#1196",0.002782
"#1197",SIGNALED
"#1197",SIGNALED
"#1197",0.003193
"#1198",0.003271
"#1199",0.004187
"#1200",0.003722
"#1201",0.003363
"#1202",0.002984
"#1203",SIGNALED
"#1203",SIGNALED
"#1203",0.004737
"#1204",0.003883
"#1205",0.003937
"#1206",0.003427
"#1207",0.003588
"#1208",0.006283
"#1209",SIGNALED
"#1209",SIGNALED
"#1209",SIGNALED
"#1209",0.004477
"#1210",0.003600
"#1211",0.003783
"#1212",0.003558
"#1213",0.004232
"#1214",0.006399
"#1215",SIGNALED
"#1215",SIGNALED
"#1215",SIGNALED
"#1215",0.003784
"#1216",SIGNALED
"#1216",SIGNALED
"#1216",0.006042
"#1217",SIGNALED
"#1217",SIGNALED
"#1217",0.003772
"#1218",0.002994
"#1219",0.004822
"#1220",0.004159
"#1221",0.004837
"#1222",0.004204
"#1223",SIGNALED
"#1223",SIGNALED
"#1223",SIGNALED
"#1223",SIGNALED
"#1223",SIGNALED
"#1223",0.004700
"#1224",0.003388
"#1225",0.002701
"#1226",SIGNALED
"#1226",SIGNALED
"#1226",SIGNALED
"#1226",SIGNALED
"#1226",SIGNALED
"#1226",SIGNALED
"#1226",SIGNALED
"#1226",SIGNALED
"#1226",SIGNALED
"#1226",SIGNALED
"#1226",0.003777
"#1227",SIGNALED
"#1227",0.004082
"#1228",0.003295
"#1229",0.006165
"#1230",0.007504
"#1231",SIGNALED
"#1231",0.003353
"#1232",0.003483
"#1233",0.004237
"#1234",0.005263
"#1235",0.002878
"#1236",0.004895
"#1237",0.004724
"#1238",0.002824
"#1239",SIGNALED
"#1239",SIGNALED
"#1239",SIGNALED
"#1239",SIGNALED
"#1239",SIGNALED
"#1239",SIGNALED
"#1239",SIGNALED
"#1239",SIGNALED
"#1239",SIGNALED
"#1239",0.004520
"#1240",SIGNALED
"#1240",SIGNALED
"#1240",SIGNALED
"#1240",SIGNALED
"#1240",SIGNALED
"#1240",SIGNALED
"#1240",SIGNALED
"#1240",SIGNALED
"#1240",SIGNALED
"#1240",SIGNALED
"#1240",SIGNALED
"#1240",SIGNALED
"#1240",SIGNALED
"#1240",SIGNALED
"#1240",SIGNALED
"#1240",SIGNALED
"#1240",SIGNALED
"#1240",SIGNALED
"#1240",SIGNALED
"#1240",SIGNALED
"#1240",SIGNALED
"#1240",SIGNALED
"#1240",SIGNALED
"#1240",SIGNALED
"#1240",SIGNALED
"#1240",SIGNALED
"#1240",SIGNALED
"#1240",SIGNALED
"#1240",SIGNALED
"#1240",SIGNALED
"#1240",SIGNALED
"#1240",SIGNALED
"#1240",0.003683
"#1241",0.003191
"#1242",0.004022
"#1243",0.009623
"#1244",0.009266
"#1245",0.004443
"#1246",SIGNALED
"#1246",SIGNALED
"#1246",SIGNALED
"#1246",SIGNALED
"#1246",SIGNALED
"#1246",0.005498
"#1247",0.004896
"#1248",SIGNALED
"#1248",SIGNALED
"#1248",0.005084
"#1249",0.003285
"#1250",0.005109
"#1251",0.003899
"#1252",0.005962
"#1253",0.008737
"#1254",SIGNALED
"#1254",SIGNALED
"#1254",SIGNALED
"#1254",0.008641
"#1255",0.008307
"#1256",0.006521
"#1257",0.006714
"#1258",SIGNALED
"#1258",SIGNALED
"#1258",SIGNALED
"#1258",SIGNALED
"#1258",SIGNALED
"#1258",SIGNALED
"#1258",SIGNALED
"#1258",SIGNALED
"#1258",SIGNALED
"#1258",SIGNALED
"#1258",SIGNALED
"#1258",SIGNALED
"#1258",SIGNALED
"#1258",SIGNALED
"#1258",SIGNALED
"#1258",TIMEOUT
"#1258",SIGNALED
"#1258",SIGNALED
"#1258",SIGNALED
"#1258",SIGNALED
"#1258",SIGNALED
"#1258",SIGNALED
"#1258",SIGNALED
"#1258",SIGNALED
"#1258",SIGNALED
"#1258",SIGNALED
"#1258",SIGNALED
"#1258",SIGNALED
"#1258",SIGNALED
"#1258",SIGNALED
"#1258",SIGNALED
"#1258",SIGNALED
"#1258",SIGNALED
"#1258",SIGNALED
"#1258",SIGNALED
"#1258",SIGNALED
"#1258",SIGNALED
"#1258",SIGNALED
"#1258",SIGNALED
"#1258",SIGNALED
"#1258",SIGNALED
"#1258",SIGNALED
"#1258",SIGNALED
"#1258",SIGNALED
"#1258",SIGNALED
"#1258",SIGNALED
"#1258",SIGNALED
"#1258",SIGNALED
"#1258",SIGNALED
"#1258",SIGNALED
"#1258",SIGNALED
"#1258",SIGNALED
"#1258",SIGNALED
"#1258",SIGNALED
"#1258",SIGNALED
"#1258",SIGNALED
"#1258",SIGNALED
"#1258",0.003815
"#1259",SIGNALED
"#1259",SIGNALED
"#1259",SIGNALED
"#1259",SIGNALED
"#1259",SIGNALED
"#1259",SIGNALED
"#1259",SIGNALED
"#1259",0.004294
"#1260",0.004898
"#1261",0.005739
"#1262",0.003960
"#1263",0.004660
"#1264",0.007966
"#1265",0.004073
"#1266",0.004017
"#1267",SIGNALED
"#1267",SIGNALED
"#1267",SIGNALED
"#1267",SIGNALED
"#1267",0.004118
"#1268",TIMEOUT
"#1268",0.005388
"#1269",TIMEOUT
"#1269",0.005023
"#1270",SIGNALED
"#1270",TIMEOUT
"#1270",TIMEOUT
"#1270",TIMEOUT
"#1270",SIGNALED
"#1270",TIMEOUT
"#1270",0.003325
"#1271",SIGNALED
"#1271",SIGNALED
"#1271",TIMEOUT
"#1271",TIMEOUT
"#1271",0.004015
"#1272",TIMEOUT
"#1272",TIMEOUT
"#1272",TIMEOUT
"#1272",SIGNALED
"#1272",SIGNALED
"#1272",SIGNALED
"#1272",SIGNALED
"#1272",0.004970
"#1273",0.005138
"#1274",0.007152
"#1275",0.006108
"#1276",0.005042
"#1277",SIGNALED
"#1277",0.004972
"#1278",SIGNALED
"#1278",0.003105
"#1279",SIGNALED
"#1279",0.007775
"#1280",0.007796
"#1281",SIGNALED
"#1281",SIGNALED
"#1281",0.003834
"#1282",0.003279
"#1283",0.003933
"#1284",0.002924
"#1285",0.003090
"#1286",0.003215
"#1287",SIGNALED
"#1287",SIGNALED
"#1287",SIGNALED
"#1287",SIGNALED
"#1287",0.004098
"#1288",0.003175
"#1289",0.005477
"#1290",0.004858
"#1291",0.004542
"#1292",SIGNALED
"#1292",0.004307
"#1293",SIGNALED
"#1293",0.003995
"#1294",SIGNALED
"#1294",0.005597
"#1295",0.004314
"#1296",SIGNALED
"#1296",SIGNALED
"#1296",0.005548
"#1297",0.005676
"#1298",0.003175
"#1299",0.003689
"#1300",SIGNALED
"#1300",0.005191
"#1301",SIGNALED
"#1301",SIGNALED
"#1301",SIGNALED
"#1301",SIGNALED
"#1301",0.004598
"#1302",0.006297
"#1303",0.006036
"#1304",0.004125
"#1305",0.003317
"#1306",SIGNALED
"#1306",0.003608
"#1307",SIGNALED
"#1307",0.003205
"#1308",SIGNALED
"#1308",0.003435
"#1309",0.003620
"#1310",SIGNALED
"#1310",SIGNALED
"#1310",0.003547
"#1311",0.002884
"#1312",0.003104
"#1313",0.003090
"#1314",0.003597
"#1315",0.003458
"#1316",SIGNALED
"#1316",SIGNALED
"#1316",SIGNALED
"#1316",SIGNALED
"#1316",0.004210
"#1317",0.004951
"#1318",0.003916
"#1319",0.004096
"#1320",0.002944
"#1321",SIGNALED
"#1321",0.004154
"#1322",SIGNALED
"#1322",SIGNALED
"#1322",SIGNALED
"#1322",0.005390
"#1323",0.005821
"#1324",SIGNALED
"#1324",SIGNALED
"#1324",0.003576
"#1325",0.005841
"#1326",0.004843
"#1327",0.005022
"#1328",0.006413
"#1329",0.004531
"#1330",SIGNALED
"#1330",0.008008
"#1331",SIGNALED
"#1331",SIGNALED
"#1331",0.005184
"#1332",0.005530
"#1333",0.005320
"#1334",TIMEOUT
"#1334",0.004132
"#1335",SIGNALED
"#1335",SIGNALED
"#1335",SIGNALED
"#1335",SIGNALED
"#1335",SIGNALED
"#1335",0.006322
"#1336",0.004825
"#1337",SIGNALED
"#1337",SIGNALED
"#1337",0.003829
"#1338",0.003900
"#1339",0.005778
"#1340",0.003747
"#1341",0.003460
"#1342",0.005019
"#1343",SIGNALED
"#1343",SIGNALED
"#1343",SIGNALED
"#1343",SIGNALED
"#1343",SIGNALED
"#1343",SIGNALED
"#1343",SIGNALED
"#1343",SIGNALED
"#1343",SIGNALED
"#1343",SIGNALED
"#1343",SIGNALED
"#1343",SIGNALED
"#1343",SIGNALED
"#1343",SIGNALED
"#1343",SIGNALED
"#1343",SIGNALED
"#1343",SIGNALED
"#1343",SIGNALED
"#1343",SIGNALED
"#1343",SIGNALED
"#1343",SIGNALED
"#1343",SIGNALED
"#1343",SIGNALED
"#1343",SIGNALED
"#1343",0.005895
"#1344",0.005067
"#1345",0.004033
"#1346",0.006024
"#1347",0.006176
"#1348",0.008554
"#1349",0.008151
"#1350",0.006425
"#1351",0.008065
"#1352",0.003141
"#1353",0.005444
"#1354",0.003945
"#1355",0.004761
"#1356",0.004468
"#1357",0.003833
"#1358",0.004155
"#1359",0.003238
"#1360",0.005259
"#1361",0.003428
"#1362",0.003796
"#1363",0.004288
"#1364",0.007462
"#1365",0.005380
"#1366",0.005640
"#1367",0.005003
"#1368",0.003016
"#1369",0.004399
"#1370",0.003881
"#1371",0.004963
"#1372",0.004474
"#1373",0.003819
"#1374",0.003509
"#1375",0.003720
"#1376",0.003573
"#1377",0.003667
"#1378",0.004172
"#1379",0.003672
"#1380",0.004948
"#1381",0.004186
"#1382",0.003921
"#1383",0.004342
"#1384",0.005781
"#1385",0.003747
"#1386",0.003184
"#1387",0.002868
"#1388",0.003733
"#1389",0.003672
"#1390",0.004767
"#1391",0.003335
"#1392",0.008029
"#1393",0.005251
"#1394",0.006880
"#1395",0.006828
"#1396",0.004505
"#1397",0.005568
"#1398",0.004143
"#1399",0.004234
"#1400",0.005778
"#1401",0.005836
"#1402",0.003898
"#1403",0.004159
"#1404",0.003741
"#1405",0.004533
"#1406",0.002891
"#1407",0.003854
"#1408",0.002932
"#1409",0.006152
"#1410",0.003288
"#1411",0.004142
"#1412",0.005160
"#1413",0.003223
"#1414",0.005632
"#1415",0.006422
"#1416",0.003908
"#1417",0.007170
"#1418",0.003990
"#1419",0.003187
"#1420",0.002984
"#1421",0.003934
"#1422",0.004622
"#1423",0.005591
"#1424",0.003888
"#1425",0.003896
"#1426",0.003601
"#1427",0.003859
"#1428",0.004751
"#1429",0.005486
"#1430",0.004514
"#1431",0.003267
"#1432",0.003361
"#1433",0.003281
"#1434",0.003227
"#1435",0.008411
"#1436",0.007690
"#1437",0.004111
"#1438",0.006280
"#1439",SIGNALED
"#1439",SIGNALED
"#1439",SIGNALED
"#1439",SIGNALED
"#1439",SIGNALED
"#1439",0.004602
"#1440",0.004355
"#1441",0.004622
"#1442",SIGNALED
"#1442",SIGNALED
"#1442",SIGNALED
"#1442",SIGNALED
"#1442",0.006212
"#1443",0.007171
"#1444",0.006621
"#1445",0.006483
"#1446",SIGNALED
"#1446",SIGNALED
"#1446",0.005666
"#1447",SIGNALED
"#1447",0.012170
"#1448",SIGNALED
"#1448",SIGNALED
"#1448",SIGNALED
"#1448",0.007639
"#1449",SIGNALED
"#1449",0.006049
"#1450",0.004616
"#1451",0.006703
"#1452",SIGNALED
"#1452",SIGNALED
"#1452",SIGNALED
"#1452",0.007619
"#1453",0.007504
"#1454",0.004810
"#1455",0.006858
"#1456",0.008804
"#1457",0.005197
"#1458",0.008707
"#1459",0.005962
"#1460",0.010607
"#1461",0.007303
"#1462",0.005872
"#1463",0.008157
"#1464",0.005545
"#1465",0.005129
"#1466",0.007960
"#1467",0.009595
"#1468",0.005628
"#1469",0.007089
"#1470",0.011780
"#1471",0.008451
"#1472",0.005938
"#1473",0.007417
"#1474",0.006565
"#1475",0.005035
"#1476",0.007302
"#1477",0.006067
"#1478",0.006043
"#1479",0.005819
"#1480",0.007728
"#1481",0.006152
"#1482",0.009076
"#1483",0.008286
"#1484",SIGNALED
"#1484",SIGNALED
"#1484",0.005076
"#1485",SIGNALED
"#1485",0.005923
"#1486",0.008373
"#1487",0.004206
"#1488",0.012611
"#1489",0.006921
"#1490",SIGNALED
"#1490",0.006783
"#1491",0.008865
"#1492",0.010311
"#1493",0.007895
"#1494",0.005647
"#1495",0.004771
"#1496",SIGNALED
"#1496",SIGNALED
"#1496",0.008328
"#1497",0.004984
"#1498",0.010329
"#1499",0.006402
"#1500",0.006688
"#1501",0.005863
"#1502",SIGNALED
"#1502",SIGNALED
"#1502",0.006591
"#1503",SIGNALED
"#1503",0.007070
"#1504",0.007817
"#1505",0.005463
"#1506",0.009968
"#1507",0.008944
"#1508",SIGNALED
"#1508",0.003261
"#1509",0.003163
"#1510",0.003229
"#1511",SIGNALED
"#1511",0.003284
"#1512",0.003346
"#1513",SIGNALED
"#1513",SIGNALED
"#1513",0.003336
"#1514",0.003330
"#1515",0.004722
"#1516",0.003724
"#1517",0.004650
"#1518",0.003909
"#1519",SIGNALED
"#1519",SIGNALED
"#1519",SIGNALED
"#1519",0.004256
"#1520",SIGNALED
"#1520",0.003400
"#1521",0.002971
"#1522",0.004274
"#1523",0.003551
"#1524",0.003595
"#1525",0.003407
"#1526",0.003888
"#1527",0.003557
"#1528",0.003354
"#1529",0.002863
"#1530",0.003666
"#1531",0.003123
"#1532",0.003458
"#1533",0.003193
"#1534",0.003525
"#1535",0.003043
"#1536",0.004258
"#1537",0.003621
"#1538",0.004585
"#1539",0.004136
"#1540",0.004637
"#1541",0.004997
"#1542",0.003303
"#1543",0.003209
"#1544",0.003527
"#1545",0.003646
"#1546",0.003556
"#1547",0.006427
"#1548",0.003795
"#1549",0.003668
"#1550",0.008821
"#1551",0.003699
"#1552",0.004409
"#1553",0.005013
"#1554",0.003408
"#1555",SIGNALED
"#1555",SIGNALED
"#1555",SIGNALED
"#1555",SIGNALED
"#1555",SIGNALED
"#1555",0.004340
"#1556",SIGNALED
"#1556",0.003716
"#1557",0.003682
"#1558",0.003413
"#1559",0.005416
"#1560",0.003395
"#1561",0.003216
"#1562",0.003363
"#1563",0.003056
"#1564",0.003952
"#1565",0.003535
"#1566",0.002904
"#1567",0.003612
"#1568",0.004549
"#1569",0.003977
"#1570",0.004141
"#1571",0.003823
"#1572",0.004899
"#1573",0.003855
"#1574",0.006658
"#1575",0.003565
"#1576",0.003357
"#1577",0.004855
"#1578",0.005315
"#1579",0.004033
"#1580",0.005189
"#1581",0.003197
"#1582",0.003843
"#1583",0.003192
"#1584",0.003672
"#1585",0.004788
"#1586",0.004326
"#1587",0.004826
"#1588",0.004617
"#1589",SIGNALED
"#1589",SIGNALED
"#1589",SIGNALED
"#1589",SIGNALED
"#1589",SIGNALED
"#1589",0.003814
"#1590",0.002800
"#1591",0.003791
"#1592",0.003860
"#1593",0.002922
"#1594",0.003518
"#1595",0.003728
"#1596",0.003606
"#1597",0.003298
"#1598",0.002968
"#1599",TIMEOUT
"#1599",0.004077
"#1600",0.004816
"#1601",0.004456
"#1602",0.003782
"#1603",0.004939
"#1604",0.010807
"#1605",0.009861
"#1606",0.005743
"#1607",0.005490
"#1608",0.005961
"#1609",0.007307
"#1610",0.006378
"#1611",0.005720
"#1612",0.008647
"#1613",0.003870
"#1614",0.004749
"#1615",0.005434
"#1616",0.003027
"#1617",0.005317
"#1618",0.004547
"#1619",0.004241
"#1620",0.004302
"#1621",0.004550
"#1622",0.005259
"#1623",SIGNALED
"#1623",SIGNALED
"#1623",SIGNALED
"#1623",SIGNALED
"#1623",SIGNALED
"#1623",SIGNALED
"#1623",SIGNALED
"#1623",SIGNALED
"#1623",SIGNALED
"#1623",SIGNALED
"#1623",SIGNALED
"#1623",SIGNALED
"#1623",SIGNALED
"#1623",SIGNALED
"#1623",TIMEOUT
"#1623",0.005755
"#1624",SIGNALED
"#1624",SIGNALED
"#1624",SIGNALED
"#1624",SIGNALED
"#1624",SIGNALED
"#1624",SIGNALED
"#1624",SIGNALED
"#1624",SIGNALED
"#1624",SIGNALED
"#1624",SIGNALED
"#1624",SIGNALED
"#1624",SIGNALED
"#1624",SIGNALED
"#1624",SIGNALED
"#1624",SIGNALED
"#1624",SIGNALED
"#1624",SIGNALED
"#1624",SIGNALED
"#1624",SIGNALED
"#1624",SIGNALED
"#1624",SIGNALED
"#1624",SIGNALED
"#1624",SIGNALED
"#1624",SIGNALED
"#1624",0.003854
"#1625",SIGNALED
"#1625",0.003716
"#1626",0.003125
"#1627",0.003290
"#1628",SIGNALED
"#1628",0.004274
"#1629",0.004534
"#1630",SIGNALED
"#1630",SIGNALED
"#1630",0.005375
"#1631",0.005817
"#1632",0.007369
"#1633",SIGNALED
"#1633",0.005083
"#1634",0.004765
"#1635",SIGNALED
"#1635",SIGNALED
"#1635",TIMEOUT
"#1635",SIGNALED
"#1635",SIGNALED
"#1635",0.004305
"#1636",0.007083
"#1637",0.005042
"#1638",SIGNALED
"#1638",SIGNALED
"#1638",SIGNALED
"#1638",SIGNALED
"#1638",SIGNALED
"#1638",SIGNALED
"#1638",SIGNALED
"#1638",0.003840
"#1639",0.003496
"#1640",0.005442
"#1641",0.003713
"#1642",0.003209
"#1643",0.003222
"#1644",0.004575
"#1645",0.003655
"#1646",0.006486
"#1647",0.007474
"#1648",0.005896
"#1649",0.003577
"#1650",0.006071
"#1651",0.009745
"#1652",0.007621
"#1653",0.006677
"#1654",0.004557
"#1655",0.006032
"#1656",0.004528
"#1657",0.010214
"#1658",0.005938
"#1659",0.006058
"#1660",0.007286
"#1661",0.005558
"#1662",0.006130
"#1663",0.003493
"#1664",0.003452
"#1665",0.005141
"#1666",0.004630
"#1667",0.003225
"#1668",0.007093
"#1669",0.003604
"#1670",0.003134
"#1671",0.003606
"#1672",0.012529
"#1673",0.005168
"#1674",0.006113
"#1675",0.004188
"#1676",0.004298
"#1677",0.007274
"#1678",0.004632
"#1679",0.005889
"#1680",0.002784
"#1681",0.004710
"#1682",0.003956
"#1683",0.003585
"#1684",0.005413
"#1685",0.003850
"#1686",0.003188
"#1687",0.004094
"#1688",0.003621
"#1689",0.005669
"#1690",0.003862
"#1691",0.005729
"#1692",0.005296
"#1693",0.006245
"#1694",0.007867
"#1695",0.006580
"#1696",0.004617
"#1697",0.005543
"#1698",0.005635
"#1699",0.005519
"#1700",0.005388
"#1701",0.004564
"#1702",0.004534
"#1703",0.004162
"#1704",0.011754
"#1705",0.007331
"#1706",0.004739
"#1707",0.004468
"#1708",0.005750
"#1709",0.004562
"#1710",0.006091
"#1711",0.004526
"#1712",0.005073
"#1713",0.004776
"#1714",0.005116
"#1715",0.007598
"#1716",0.004488
"#1717",0.004347
"#1718",0.007930
"#1719",0.005560
"#1720",0.004776
"#1721",0.004448
"#1722",0.003648
"#1723",0.003793
"#1724",0.005093
"#1725",0.010725
"#1726",0.004367
"#1727",0.006122
"#1728",0.004252
"#1729",0.004650
"#1730",0.009369
"#1731",0.004736
"#1732",0.004548
"#1733",0.004641
"#1734",0.009884
"#1735",0.007116
"#1736",0.004686
"#1737",0.006932
"#1738",0.008849
"#1739",0.007601
"#1740",0.007590
"#1741",0.006090
"#1742",0.004760
"#1743",0.008109
"#1744",0.005270
"#1745",0.004084
"#1746",0.007104
"#1747",0.007946
"#1748",0.006552
"#1749",0.006364
"#1750",0.008490
"#1751",0.006811
"#1752",0.004885
"#1753",0.009002
"#1754",0.006289
"#1755",0.009957
"#1756",0.012264
"#1757",0.007751
"#1758",0.006487
"#1759",0.006790
"#1760",0.004718
"#1761",0.007386
"#1762",0.006319
"#1763",0.011864
"#1764",0.004057
"#1765",0.009142
"#1766",0.004093
"#1767",0.003669
"#1768",0.007887
"#1769",0.005119
"#1770",0.006274
"#1771",0.004981
"#1772",0.004383
"#1773",0.009781
"#1774",0.006517
"#1775",0.005047
"#1776",0.005288
"#1777",0.006682
"#1778",0.005587
"#1779",0.006489
"#1780",0.004733
"#1781",0.009804
"#1782",0.004412
"#1783",0.006768
"#1784",0.006709
"#1785",0.004588
"#1786",0.006299
"#1787",0.006108
"#1788",0.007192
"#1789",0.007718
"#1790",0.008922
"#1791",0.006660
"#1792",0.005831
"#1793",0.006408
"#1794",0.007686
"#1795",0.006680
"#1796",0.007564
"#1797",0.006133
"#1798",0.003970
"#1799",0.008494
"#1800",0.006915
"#1801",0.006962
"#1802",0.007123
"#1803",0.010222
"#1804",0.004057
"#1805",0.003856
"#1806",0.006610
"#1807",0.006508
"#1808",0.011172
"#1809",0.006947
"#1810",0.007913
"#1811",0.004342
"#1812",0.004490
"#1813",0.007708
"#1814",0.006700
"#1815",0.005426
"#1816",0.008023
"#1817",0.006297
"#1818",0.006674
"#1819",0.004815
"#1820",0.006223
"#1821",0.007371
"#1822",0.007128
"#1823",0.005303
"#1824",0.004887
"#1825",0.010982
"#1826",0.007820
"#1827",0.005442
"#1828",0.007342
"#1829",0.010855
"#1830",0.007028
"#1831",0.005793
"#1832",0.008155
"#1833",0.006107
"#1834",0.005891
"#1835",0.005673
"#1836",0.005315
"#1837",0.010047
"#1838",0.005256
"#1839",0.006406
"#1840",0.004862
"#1841",0.005342
"#1842",0.009198
"#1843",0.007401
"#1844",0.007579
"#1845",0.006088
"#1846",0.006922
"#1847",0.007069
"#1848",0.003737
"#1849",0.005046
"#1850",0.007590
"#1851",0.004242
"#1852",0.007245
"#1853",0.005698
"#1854",0.008220
"#1855",0.006483
"#1856",0.006849
"#1857",0.007522
"#1858",0.004998
"#1859",0.012271
"#1860",0.009480
"#1861",0.004379
"#1862",0.005672
"#1863",0.007113
"#1864",0.004802
"#1865",0.005665
"#1866",0.005524
"#1867",0.005464
"#1868",0.007546
"#1869",0.010345
"#1870",0.006920
"#1871",0.006132
"#1872",0.009769
"#1873",0.006647
"#1874",0.006134
"#1875",0.008190
"#1876",0.012649
"#1877",0.006893
"#1878",0.006155
"#1879",0.006817
"#1880",0.009879
"#1881",0.005094
"#1882",0.006166
"#1883",0.005801
"#1884",0.007021
"#1885",0.007364
"#1886",0.005097
"#1887",0.009210
"#1888",0.005006
"#1889",0.007205
"#1890",0.007240
"#1891",0.010276
"#1892",0.006764
"#1893",0.005643
"#1894",0.005452
"#1895",0.004648
"#1896",0.005612
"#1897",0.004965
"#1898",0.009252
"#1899",0.006698
"#1900",0.007502
"#1901",0.008838
"#1902",0.006323
"#1903",0.006967
"#1904",0.007300
"#1905",0.011208
"#1906",0.003922
"#1907",0.004773
"#1908",0.007445
"#1909",0.004615
"#1910",0.016694
"#1911",0.010112
"#1912",0.005556
"#1913",0.008616
"#1914",0.006308
"#1915",0.010369
"#1916",0.010223
"#1917",0.005935
"#1918",0.011904
"#1919",0.007120
"#1920",0.008809
"#1921",0.007417
"#1922",0.007601
"#1923",0.006040
"#1924",0.007068
"#1925",0.004993
"#1926",0.006216
"#1927",0.011135
"#1928",0.007705
"#1929",0.008757
"#1930",0.006304
"#1931",0.008835
"#1932",0.005862
"#1933",0.006656
"#1934",0.005527
"#1935",0.010132
"#1936",0.005978
"#1937",0.009919
"#1938",0.010653
"#1939",0.007663
"#1940",0.005167
"#1941",0.009552
"#1942",0.005946
"#1943",0.007623
"#1944",0.011071
"#1945",0.006299
"#1946",0.009219
"#1947",0.007526
"#1948",0.005634
"#1949",0.007325
"#1950",0.005034
"#1951",0.005116
"#1952",0.004405
"#1953",0.005219
"#1954",0.006036
"#1955",0.007653
"#1956",0.009059
"#1957",0.006032
"#1958",0.007246
"#1959",0.006969
"#1960",0.004018
"#1961",0.005862
"#1962",0.003324
"#1963",0.005925
"#1964",0.009429
"#1965",0.004112
"#1966",0.005512
"#1967",0.005979
"#1968",0.005974
"#1969",0.006532
"#1970",0.003688
"#1971",0.004359
"#1972",0.005310
"#1973",0.006760
"#1974",0.005427
"#1975",0.011236
"#1976",0.004112
"#1977",0.007602
"#1978",0.005260
"#1979",0.005591
"#1980",0.007044
"#1981",0.006905
"#1982",0.014183
"#1983",0.005960
"#1984",0.006602
"#1985",0.009090
"#1986",0.006277
"#1987",0.006188
"#1988",0.007770
"#1989",0.007261
"#1990",0.006643
"#1991",0.004012
"#1992",0.005328
"#1993",0.005036
"#1994",0.005208
"#1995",0.009558
"#1996",0.005237
"#1997",0.005465
"#1998",0.007616
"#1999",0.005442
"#2000",0.005544
"#2001",0.008628
"#2002",0.005548
"#2003",0.009033
"#2004",0.005621
"#2005",0.003278
"#2006",0.004001
"#2007",0.005728
"#2008",0.009329
"#2009",0.005159
"#2010",0.003758
"#2011",0.004807
"#2012",0.004672
"#2013",0.006020
"#2014",0.003919
"#2015",0.003578
"#2016",0.012321
"#2017",0.003436
"#2018",0.005973
"#2019",0.004485
"#2020",0.005470
"#2021",0.007576
"#2022",0.005266
"#2023",0.004213
"#2024",0.005612
"#2025",0.005334
"#2026",0.007184
"#2027",0.008236
"#2028",0.009309
"#2029",0.006843
"#2030",0.006420
"#2031",0.007220
"#2032",0.005144
"#2033",0.005919
"#2034",0.010277
"#2035",0.009190
"#2036",0.010657
"#2037",0.007052
"#2038",0.004554
"#2039",0.004943
"#2040",0.011335
"#2041",0.007817
"#2042",0.006500
"#2043",0.005049
"#2044",0.011680
"#2045",0.007286
"#2046",0.005775
"#2047",0.007144
"#2048",0.006616
"#2049",0.005249
"#2050",0.012185
"#2051",0.013528
"#2052",0.006513
"#2053",0.007955
"#2054",0.003704
"#2055",0.006115
"#2056",0.005868
"#2057",0.003838
"#2058",0.008921
"#2059",0.004407
"#2060",0.006530
"#2061",0.007764
"#2062",0.012559
"#2063",0.007496
"#2064",0.005736
"#2065",0.012934
"#2066",0.004216
"#2067",0.005215
"#2068",0.006647
"#2069",0.006649
"#2070",0.005337
"#2071",0.005482
"#2072",0.004832
"#2073",0.007516
"#2074",0.006062
"#2075",0.009385
"#2076",0.004970
"#2077",0.006941
"#2078",0.004992
"#2079",0.007344
"#2080",0.009992
"#2081",0.006506
"#2082",0.006049
"#2083",0.007885
"#2084",0.006774
"#2085",0.008141
"#2086",0.006931
"#2087",0.016725
"#2088",0.009432
"#2089",0.006475
"#2090",0.006633
"#2091",0.004924
"#2092",0.007433
"#2093",0.006260
"#2094",0.009248
"#2095",0.004976
"#2096",0.008442
"#2097",0.005410
"#2098",0.004809
"#2099",0.005111
"#2100",0.006287
"#2101",0.008408
"#2102",0.008333
"#2103",0.007396
"#2104",0.004950
"#2105",0.004978
"#2106",0.008339
"#2107",0.006939
"#2108",0.008618
"#2109",0.011671
"#2110",0.007134
"#2111",0.004947
"#2112",0.007734
"#2113",0.006342
"#2114",0.009866
"#2115",0.005042
"#2116",0.006097
"#2117",0.006527
"#2118",0.004962
"#2119",0.006661
"#2120",0.004516
"#2121",0.006705
"#2122",0.009772
"#2123",0.006375
"#2124",0.007018
"#2125",0.011502
"#2126",0.015274
"#2127",0.008580
"#2128",0.008626
"#2129",0.007489
"#2130",0.006916
"#2131",0.008945
"#2132",0.009169
"#2133",0.007576
"#2134",0.006539
"#2135",0.014190
"#2136",0.006586
"#2137",0.006275
"#2138",0.007097
"#2139",0.006168
"#2140",0.011742
"#2141",0.005488
"#2142",0.004981
"#2143",0.005140
"#2144",0.007339
"#2145",0.010144
"#2146",0.008929
"#2147",0.009301
"#2148",0.005361
"#2149",0.005070
"#2150",0.011848
"#2151",0.008529
"#2152",0.009108
"#2153",0.010777
"#2154",0.005308
"#2155",0.006470
"#2156",0.004745
"#2157",0.004852
"#2158",0.006025
"#2159",0.004739
"#2160",0.008696
"#2161",0.006167
"#2162",0.008261
"#2163",0.007176
"#2164",0.012125
"#2165",0.008854
"#2166",0.005620
"#2167",0.004355
"#2168",0.005234
"#2169",0.005992
"#2170",0.006261
"#2171",0.003690
"#2172",0.006044
"#2173",0.005794
"#2174",0.007517
"#2175",0.007609
"#2176",0.004883
"#2177",0.004417
"#2178",0.006304
"#2179",0.011150
"#2180",0.006131
"#2181",0.004877
"#2182",0.006166
"#2183",0.004761
"#2184",0.008227
"#2185",0.008584
"#2186",0.007575
"#2187",0.008222
"#2188",0.005216
"#2189",0.004407
"#2190",0.004452
"#2191",0.006968
"#2192",0.006140
"#2193",0.008126
"#2194",0.011111
"#2195",0.005367
"#2196",0.011133
"#2197",0.006910
"#2198",0.008612
"#2199",0.003980
"#2200",0.006955
"#2201",0.008855
"#2202",0.006188
"#2203",0.006868
"#2204",0.007025
"#2205",0.006361
"#2206",0.007673
"#2207",0.005123
"#2208",0.009527
"#2209",0.004891
"#2210",0.005824
"#2211",0.009498
"#2212",0.010487
"#2213",0.007027
"#2214",0.007786
"#2215",0.008161
"#2216",0.007125
"#2217",0.004633
"#2218",0.006957
"#2219",0.006687
"#2220",0.007645
"#2221",0.007649
"#2222",0.005733
"#2223",0.004918
"#2224",0.012405
"#2225",0.003938
"#2226",0.007184
"#2227",0.007512
"#2228",0.010757
"#2229",0.007435
"#2230",0.006572
"#2231",0.004659
"#2232",0.007370
"#2233",0.005653
"#2234",0.008517
"#2235",0.004764
"#2236",0.008420
"#2237",0.007204
"#2238",0.005874
"#2239",0.005960
"#2240",0.008908
"#2241",0.009719
"#2242",0.007079
"#2243",0.008101
"#2244",0.005257
"#2245",0.005523
"#2246",0.005543
"#2247",0.008381
"#2248",0.006870
"#2249",0.006589
"#2250",0.007830
"#2251",0.004891
"#2252",0.005309
"#2253",0.008925
"#2254",0.007393
"#2255",0.005557
"#2256",0.005053
"#2257",0.004766
"#2258",0.007792
"#2259",0.004708
"#2260",0.005525
"#2261",0.006537
"#2262",0.004379
"#2263",0.007287
"#2264",0.003283
"#2265",0.003865
"#2266",0.004702
"#2267",0.003533
"#2268",0.005458
"#2269",0.004928
"#2270",0.003751
"#2271",0.005008
"#2272",0.002997
"#2273",0.003699
"#2274",0.007458
"#2275",0.003700
"#2276",0.005207
"#2277",0.003958
"#2278",0.004996
"#2279",0.003184
"#2280",0.009747
"#2281",0.009940
"#2282",0.004197
"#2283",0.004215
"#2284",0.006263
"#2285",0.009723
"#2286",0.004831
"#2287",0.008176
"#2288",0.006141
"#2289",0.005777
"#2290",0.004068
"#2291",0.004804
"#2292",0.005803
"#2293",0.007189
"#2294",0.006734
"#2295",0.007180
"#2296",0.006001
"#2297",0.005107
"#2298",0.004821
"#2299",0.004780
"#2300",0.005563
"#2301",0.006127
"#2302",0.009513
"#2303",0.006159
"#2304",0.008300
"#2305",0.004406
"#2306",0.009432
"#2307",0.006802
"#2308",0.008487
"#2309",0.005328
"#2310",0.012252
"#2311",0.007489
"#2312",0.006031
"#2313",0.008873
"#2314",0.006977
"#2315",0.007144
"#2316",0.008764
"#2317",0.007478
"#2318",0.006284
"#2319",0.004389
"#2320",0.008781
"#2321",0.004609
"#2322",0.008215
"#2323",0.007703
"#2324",0.005757
"#2325",0.006838
"#2326",0.009289
"#2327",0.008704
"#2328",0.007600
"#2329",0.008590
"#2330",0.005391
"#2331",0.005237
"#2332",0.011820
"#2333",0.005351
"#2334",0.010906
"#2335",0.005804
"#2336",0.005308
"#2337",0.005171
"#2338",0.010530
"#2339",0.005262
"#2340",0.005841
"#2341",0.005652
"#2342",0.006907
"#2343",0.004818
"#2344",0.004283
"#2345",0.006750
"#2346",0.005957
"#2347",0.009712
"#2348",0.004486
"#2349",0.006789
"#2350",0.007683
"#2351",0.006251
"#2352",0.005378
"#2353",0.007787
"#2354",0.007162
"#2355",0.004040
"#2356",0.004556
"#2357",0.010660
"#2358",0.005484
"#2359",0.006772
"#2360",0.007958
"#2361",0.007355
"#2362",0.004083
"#2363",0.008195
"#2364",0.008938
"#2365",0.005524
"#2366",0.009167
"#2367",0.007601
"#2368",0.008204
"#2369",0.008747
"#2370",0.005232
"#2371",0.007805
"#2372",0.006629
"#2373",0.007920
"#2374",0.008574
"#2375",0.009574
"#2376",0.007738
"#2377",0.005646
"#2378",0.006270
"#2379",0.006078
"#2380",0.009227
"#2381",0.006549
"#2382",0.007606
"#2383",0.007424
"#2384",0.006040
"#2385",0.005567
"#2386",0.005797
"#2387",0.005976
"#2388",0.009366
"#2389",0.005782
"#2390",0.008455
"#2391",0.008045
"#2392",0.005921
"#2393",0.008396
"#2394",0.008468
"#2395",0.006194
"#2396",0.007252
"#2397",0.007932
"#2398",0.003791
"#2399",0.006384
"#2400",0.007403
"#2401",0.007539
"#2402",0.005958
"#2403",0.005108
"#2404",0.004257
"#2405",0.506780
"#2406",0.003503
"#2407",0.004902
"#2408",0.004150
"#2409",0.005995
"#2410",0.004661
"#2411",0.004928
"#2412",0.011732
"#2413",0.007627
"#2414",0.019849
"#2415",0.005313
"#2416",0.004578
"#2417",0.008612
"#2418",0.004318
"#2419",0.007274
"#2420",0.007989
"#2421",0.006236
"#2422",0.006645
"#2423",0.011347
"#2424",0.007606
"#2425",0.011404
"#2426",0.006730
"#2427",0.010217
"#2428",0.011643
"#2429",0.006909
"#2430",0.005737
"#2431",0.004778
"#2432",0.003888
"#2433",0.008989
"#2434",0.006050
"#2435",0.011030
"#2436",0.008448
"#2437",0.008520
"#2438",0.008946
"#2439",0.010574
"#2440",0.012944
"#2441",0.006994
"#2442",0.007764
"#2443",0.005136
"#2444",0.011723
"#2445",0.004711
"#2446",0.008787
"#2447",0.004552
"#2448",0.004831
"#2449",0.006592
"#2450",0.007115
"#2451",0.008845
"#2452",0.006978
"#2453",0.005855
"#2454",0.010997
"#2455",0.011969
"#2456",0.006902
"#2457",0.012132
"#2458",0.007156
"#2459",0.005948
"#2460",0.006012
"#2461",0.006083
"#2462",0.012447
"#2463",0.007521
"#2464",0.006866
"#2465",0.005370
"#2466",0.005217
"#2467",0.005998
"#2468",0.004007
"#2469",0.005756
"#2470",0.016026
"#2471",0.003639
"#2472",0.006514
"#2473",0.007991
"#2474",0.004811
"#2475",0.013211
"#2476",0.008181
"#2477",0.007692
"#2478",0.010995
"#2479",0.005192
"#2480",0.008162
"#2481",0.008609
"#2482",0.005564
"#2483",0.005286
"#2484",0.004809
"#2485",0.005034
"#2486",0.007462
"#2487",0.007105
"#2488",0.004762
"#2489",0.005765
"#2490",0.008065
"#2491",0.007143
"#2492",0.008138
"#2493",0.007736
"#2494",0.009935
"#2495",0.005172
"#2496",0.006815
"#2497",0.005075
"#2498",0.011008
"#2499",0.004102
"#2500",0.003107
"#2501",0.005078
"#2502",0.007771
"#2503",0.005740
"#2504",0.005702
"#2505",0.004560
"#2506",0.006733
"#2507",0.007696
"#2508",0.008077
"#2509",0.005426
"#2510",0.006651
"#2511",0.009267
"#2512",0.005456
"#2513",0.005972
"#2514",0.003851
"#2515",0.004798
"#2516",0.006006
"#2517",0.005153
"#2518",0.006725
"#2519",0.003825
"#2520",0.003242
"#2521",0.003211
"#2522",0.005152
"#2523",0.010248
"#2524",0.007652
"#2525",0.004801
"#2526",0.003793
"#2527",0.006318
"#2528",0.005886
"#2529",0.005863
"#2530",0.002885
"#2531",0.003136
"#2532",0.004164
"#2533",0.004144
"#2534",0.005215
"#2535",0.006897
"#2536",0.004364
"#2537",0.006218
"#2538",0.004149
"#2539",0.003861
"#2540",0.005277
"#2541",0.005976
"#2542",0.004816
"#2543",0.008446
"#2544",0.003611
"#2545",0.004513
"#2546",0.005363
"#2547",0.004560
"#2548",0.008704
"#2549",0.004360
"#2550",0.005794
"#2551",0.002633
"#2552",0.004388
"#2553",0.004245
"#2554",0.004465
"#2555",0.004435
"#2556",0.003241
"#2557",0.006963
"#2558",0.007039
"#2559",0.004049
"#2560",0.004869
"#2561",0.004780
"#2562",0.003941
"#2563",0.004136
"#2564",0.003329
"#2565",0.005920
"#2566",0.006949
"#2567",0.007114
"#2568",0.004394
"#2569",0.004144
"#2570",0.004826
"#2571",0.005020
"#2572",0.004468
"#2573",0.006294
"#2574",0.003439
"#2575",0.003192
"#2576",0.004353
"#2577",0.006414
"#2578",0.006395
"#2579",0.004370
"#2580",0.006079
"#2581",0.004519
"#2582",0.008737
"#2583",0.004446
"#2584",0.006173
"#2585",0.005434
"#2586",0.007215
"#2587",0.006424
"#2588",0.007244
"#2589",0.004129
"#2590",0.007973
"#2591",0.006507
"#2592",0.004674
"#2593",0.003421
"#2594",0.006893
"#2595",0.004423
"#2596",0.008975
"#2597",0.005468
"#2598",0.003317
"#2599",0.004751
"#2600",0.003955
"#2601",0.004034
"#2602",0.003893
"#2603",0.004382
"#2604",0.004385
"#2605",0.002921
"#2606",0.003898
"#2607",0.002966
"#2608",0.005628
"#2609",0.003597
"#2610",0.005503
"#2611",0.005961
"#2612",0.004924
"#2613",0.008673
"#2614",0.003266
"#2615",0.004810
"#2616",0.005475
"#2617",0.004771
"#2618",0.007288
"#2619",0.006667
"#2620",0.004114
"#2621",0.005160
"#2622",0.004144
"#2623",0.003413
"#2624",0.004332
"#2625",0.004346
"#2626",0.005437
"#2627",0.007921
"#2628",0.005128
"#2629",0.007822
"#2630",0.005051
"#2631",0.004740
"#2632",0.006466
"#2633",0.003853
"#2634",0.004851
"#2635",0.012021
"#2636",0.010680
"#2637",0.006358
"#2638",0.011680
"#2639",0.006031
"#2640",0.011298
"#2641",0.006179
"#2642",0.007295
"#2643",0.005553
"#2644",0.010518
"#2645",0.006181
"#2646",0.005904
"#2647",0.012563
"#2648",0.005496
"#2649",0.004565
"#2650",0.005620
"#2651",0.007986
"#2652",0.005886
"#2653",0.004804
"#2654",0.004123
"#2655",0.017052
"#2656",0.007502
"#2657",0.006380
"#2658",0.005875
"#2659",0.006575
"#2660",0.008697
"#2661",0.007875
"#2662",0.004592
"#2663",0.004478
"#2664",0.003074
"#2665",0.004467
"#2666",0.008043
"#2667",0.014865
"#2668",0.004309
"#2669",0.006196
"#2670",0.004614
"#2671",0.008645
"#2672",0.009077
"#2673",0.004093
"#2674",0.003387
"#2675",0.003616
"#2676",0.003960
"#2677",0.005850
"#2678",0.005715
"#2679",0.007190
"#2680",0.005195
"#2681",0.009111
"#2682",0.009104
"#2683",0.003548
"#2684",0.004186
"#2685",0.005279
"#2686",0.004491
"#2687",0.004711
"#2688",0.005860
"#2689",0.005312
"#2690",0.005583
"#2691",0.005792
"#2692",0.003411
"#2693",0.003239
"#2694",0.005219
"#2695",0.004976
"#2696",0.004528
"#2697",0.003393
"#2698",0.007664
"#2699",0.005271
"#2700",0.004911
"#2701",0.005230
"#2702",0.003123
"#2703",0.004854
"#2704",0.005406
"#2705",0.002950
"#2706",0.003274
"#2707",0.004089
"#2708",0.006699
"#2709",0.007544
"#2710",0.004470
"#2711",0.003523
"#2712",0.004434
"#2713",0.006699
"#2714",0.005634
"#2715",0.005675
"#2716",0.007077
"#2717",0.004806
"#2718",0.005497
"#2719",0.006041
"#2720",0.009015
"#2721",0.008168
"#2722",0.006626
"#2723",0.005423
"#2724",0.004959
"#2725",0.006880
"#2726",0.006115
"#2727",0.005259
"#2728",0.005047
"#2729",0.006196
"#2730",0.006963
"#2731",0.007831
"#2732",0.006593
"#2733",0.004231
"#2734",0.004923
"#2735",0.005040
"#2736",0.006479
"#2737",0.005611
"#2738",0.005307
"#2739",0.006983
"#2740",0.006532
"#2741",0.005218
"#2742",0.005196
"#2743",0.007332
"#2744",0.006113
"#2745",0.005752
"#2746",0.007393
"#2747",0.005628
"#2748",0.011229
"#2749",0.004273
"#2750",0.004313
"#2751",0.004757
"#2752",0.004520
"#2753",0.005464
"#2754",0.007959
"#2755",0.008825
"#2756",0.003590
"#2757",0.004096
"#2758",0.005082
"#2759",0.007761
"#2760",0.007213
"#2761",0.005725
"#2762",0.004600
"#2763",0.004172
"#2764",0.008824
"#2765",0.004461
"#2766",0.006158
"#2767",0.003319
"#2768",0.004632
"#2769",0.004265
"#2770",0.003641
"#2771",0.003758
"#2772",0.003820
"#2773",0.004383
"#2774",0.005201
"#2775",0.007220
"#2776",0.008093
"#2777",0.003292
"#2778",0.003151
"#2779",0.003997
"#2780",0.008544
"#2781",0.004929
"#2782",0.007241
"#2783",0.003059
"#2784",0.003623
"#2785",0.005010
"#2786",0.005047
"#2787",0.003717
"#2788",0.003496
"#2789",0.005832
"#2790",0.007248
"#2791",0.004463
"#2792",0.005107
"#2793",0.005832
"#2794",0.003828
"#2795",0.004496
"#2796",0.005477
"#2797",0.003310
"#2798",0.004942
"#2799",0.008877
"#2800",0.008746
"#2801",0.006622
"#2802",0.005503
"#2803",0.009717
"#2804",0.006996
"#2805",0.010906
"#2806",0.008490
"#2807",0.007403
"#2808",0.006043
"#2809",0.006375
"#2810",0.005141
"#2811",0.008530
"#2812",0.005623
"#2813",0.005414
"#2814",0.003966
"#2815",0.005926
"#2816",0.005942
"#2817",0.007173
"#2818",0.009239
"#2819",0.008561
"#2820",0.006913
"#2821",0.005057
"#2822",0.005803
"#2823",0.004735
"#2824",0.008356
"#2825",0.006605
"#2826",0.011718
"#2827",0.007863
"#2828",0.004528
"#2829",0.006592
"#2830",0.010991
"#2831",0.004992
"#2832",0.006035
"#2833",0.005280
"#2834",0.004863
"#2835",0.011341
"#2836",0.020306
"#2837",0.007650
"#2838",0.006234
"#2839",0.007455
"#2840",0.006017
"#2841",0.005369
"#2842",0.010075
"#2843",0.009778
"#2844",0.006123
"#2845",0.004198
"#2846",0.004708
"#2847",0.005463
"#2848",0.010640
"#2849",0.004340
"#2850",0.010725
"#2851",0.009539
"#2852",0.007704
"#2853",0.005092
"#2854",0.004795
"#2855",0.004768
"#2856",0.010562
"#2857",0.007582
"#2858",0.004992
"#2859",0.005000
"#2860",0.006780
"#2861",0.006966
"#2862",0.015079
"#2863",0.009676
"#2864",0.004115
"#2865",0.009266
"#2866",0.006421
"#2867",0.008269
"#2868",0.006691
"#2869",0.003996
"#2870",0.007016
"#2871",0.007433
"#2872",0.005470
"#2873",0.005928
"#2874",0.006858
"#2875",0.011833
"#2876",0.009984
"#2877",0.005560
"#2878",0.011149
"#2879",0.010048
"#2880",0.009216
"#2881",0.007277
"#2882",0.007819
"#2883",0.007319
"#2884",0.004686
"#2885",0.005964
"#2886",0.005573
"#2887",0.006528
"#2888",0.005090
"#2889",0.006285
"#2890",0.006798
"#2891",0.004098
"#2892",0.006165
"#2893",0.004845
"#2894",0.006320
"#2895",0.005044
"#2896",0.006335
"#2897",0.006235
"#2898",0.004722
"#2899",0.007766
"#2900",0.008598
"#2901",0.006809
"#2902",0.005363
"#2903",0.006796
"#2904",0.009581
"#2905",0.008863
"#2906",0.005367
"#2907",0.004096
"#2908",0.006375
"#2909",0.007820
"#2910",0.005984
"#2911",0.005655
"#2912",0.006580
"#2913",0.009962
"#2914",0.004016
"#2915",0.003561
"#2916",0.005817
"#2917",0.006404
"#2918",0.009235
"#2919",0.005111
"#2920",0.005252
"#2921",0.004903
"#2922",0.007365
"#2923",0.007059
"#2924",0.005267
"#2925",0.005672
"#2926",0.008629
"#2927",0.006918
"#2928",0.004774
"#2929",0.004803
"#2930",0.006324
"#2931",0.006104
"#2932",0.004220
"#2933",0.005050
"#2934",0.006237
"#2935",0.003867
"#2936",0.003222
"#2937",0.008539
"#2938",0.006239
"#2939",0.006798
"#2940",0.004417
"#2941",0.007295
"#2942",0.007229
"#2943",0.009462
"#2944",0.005538
"#2945",0.006862
"#2946",0.004995
"#2947",0.004642
"#2948",0.007396
"#2949",0.005518
"#2950",0.005214
"#2951",0.013451
"#2952",0.003977
"#2953",0.006769
"#2954",0.005796
"#2955",0.006841
"#2956",0.006690
"#2957",0.003837
"#2958",0.006964
"#2959",0.004802
"#2960",0.005341
"#2961",0.007280
"#2962",0.005566
"#2963",0.011661
"#2964",0.011717
"#2965",0.008001
"#2966",0.010593
"#2967",0.004438
"#2968",0.008125
"#2969",0.007079
"#2970",0.008600
"#2971",0.006744
"#2972",0.006686
"#2973",0.006403
"#2974",0.007240
"#2975",0.006539
"#2976",0.004674
"#2977",0.006254
"#2978",0.008650
"#2979",0.009616
"#2980",0.007318
"#2981",0.008393
"#2982",0.005553
"#2983",0.007130
"#2984",0.005389
"#2985",0.010487
"#2986",0.006624
"#2987",0.005163
"#2988",0.007794
"#2989",0.004600
"#2990",0.005239
"#2991",0.009453
"#2992",0.005134
"#2993",0.007704
"#2994",0.007121
"#2995",0.010321
"#2996",0.008564
"#2997",0.004219
"#2998",0.007702
"#2999",0.009436
"#3000",0.004352
"#3001",0.004549
"#3002",0.006092
"#3003",0.008213
"#3004",0.007436
"#3005",0.007635
"#3006",0.004972
"#3007",0.011602
"#3008",0.006340
"#3009",0.006701
"#3010",0.005693
"#3011",0.006306
"#3012",0.008630
"#3013",0.008786
"#3014",0.007315
"#3015",0.005903
"#3016",0.008282
"#3017",0.007429
"#3018",0.011287
"#3019",0.008673
"#3020",0.005919
"#3021",0.005547
"#3022",0.007790
"#3023",0.005727
"#3024",0.006112
"#3025",0.005219
"#3026",0.005873
"#3027",0.008737
"#3028",0.006236
"#3029",0.006514
"#3030",0.004409
"#3031",0.007197
"#3032",0.005798
"#3033",0.006819
"#3034",0.008304
"#3035",0.007720
"#3036",0.007071
"#3037",0.004422
"#3038",0.007960
"#3039",0.006839
"#3040",0.009517
"#3041",0.004974
"#3042",0.009693
"#3043",0.007817
"#3044",0.005874
"#3045",0.006459
"#3046",0.006858
"#3047",0.007365
"#3048",0.005334
"#3049",0.006511
"#3050",0.014067
"#3051",0.006263
"#3052",0.007567
"#3053",0.006601
"#3054",0.005581
"#3055",0.007328
"#3056",0.004746
"#3057",0.008838
"#3058",0.006453
"#3059",0.007384
"#3060",0.013690
"#3061",0.006228
"#3062",0.008701
"#3063",0.008809
"#3064",0.005868
"#3065",0.005456
"#3066",0.007933
"#3067",0.007807
"#3068",0.007502
"#3069",0.008746
"#3070",0.006376
"#3071",0.005208
"#3072",0.010769
"#3073",0.008100
"#3074",0.008225
"#3075",0.005770
"#3076",0.005993
"#3077",0.007650
"#3078",0.009183
"#3079",0.005495
"#3080",0.005486
"#3081",0.006060
"#3082",0.007940
"#3083",0.005750
"#3084",0.007504
"#3085",0.005596
"#3086",0.004978
"#3087",0.006664
"#3088",0.008821
"#3089",0.005150
"#3090",0.009471
"#3091",0.010234
"#3092",0.006901
"#3093",0.009035
"#3094",0.005671
"#3095",0.008709
"#3096",0.005673
"#3097",0.005013
"#3098",0.006027
"#3099",0.006748
"#3100",0.007151
"#3101",0.010927
"#3102",0.005409
"#3103",0.008191
"#3104",0.007768
"#3105",0.006398
"#3106",0.006513
"#3107",0.004397
"#3108",0.005626
"#3109",0.006576
"#3110",0.007639
"#3111",0.008750
"#3112",0.005687
"#3113",0.007724
"#3114",0.005110
"#3115",0.006362
"#3116",0.009301
"#3117",0.007438
"#3118",0.004585
"#3119",0.005999
"#3120",0.011796
"#3121",0.004526
"#3122",0.008796
"#3123",0.008606
"#3124",0.007069
"#3125",0.007181
"#3126",0.007850
"#3127",0.005550
"#3128",0.007554
"#3129",0.005712
"#3130",0.005377
"#3131",0.005066
"#3132",0.005937
"#3133",0.007713
"#3134",0.007962
"#3135",0.007108
"#3136",0.006517
"#3137",0.005741
"#3138",0.008562
"#3139",0.006392
"#3140",0.010774
"#3141",0.011827
"#3142",0.009259
"#3143",0.007798
"#3144",0.005450
"#3145",0.005518
"#3146",0.006624
"#3147",0.017646
"#3148",0.008799
"#3149",0.006501
"#3150",0.006581
"#3151",0.008640
"#3152",0.005268
"#3153",0.007312
"#3154",0.014243
"#3155",0.008085
"#3156",0.005489
"#3157",0.005107
"#3158",0.006221
"#3159",0.005056
"#3160",0.004458
"#3161",0.012652
"#3162",0.010204
"#3163",0.004390
"#3164",0.004871
"#3165",0.006562
"#3166",0.008684
"#3167",0.005722
"#3168",0.005240
"#3169",0.005734
"#3170",0.006415
"#3171",0.006562
"#3172",0.007669
"#3173",0.005200
"#3174",0.010102
"#3175",0.006465
"#3176",0.005665
"#3177",0.005165
"#3178",0.008301
"#3179",0.006228
"#3180",0.007542
"#3181",0.007091
"#3182",0.007930
"#3183",0.004617
"#3184",0.006126
"#3185",0.006856
"#3186",0.005857
"#3187",0.007548
"#3188",0.005919
"#3189",0.007368
"#3190",0.004778
"#3191",0.009293
"#3192",0.008846
"#3193",0.007731
"#3194",0.006639
"#3195",0.008577
"#3196",0.005218
"#3197",0.007911
"#3198",0.005984
"#3199",0.006652
"#3200",0.006796
"#3201",0.007243
"#3202",0.005177
"#3203",0.006049
"#3204",0.006056
"#3205",0.008873
"#3206",0.004359
"#3207",0.005908
"#3208",0.008187
"#3209",0.009077
"#3210",0.005050
"#3211",0.010201
"#3212",0.007234
"#3213",0.006685
"#3214",0.006714
"#3215",0.005317
"#3216",0.005992
"#3217",0.006688
"#3218",0.009670
"#3219",0.008410
"#3220",0.011922
"#3221",0.009041
"#3222",0.004331
"#3223",0.005498
"#3224",0.006147
"#3225",0.006551
"#3226",0.005239
"#3227",0.005363
"#3228",0.008125
"#3229",0.007064
"#3230",0.006919
"#3231",0.007324
"#3232",0.007721
"#3233",0.006667
"#3234",0.005546
"#3235",0.005230
"#3236",0.004478
"#3237",0.007293
"#3238",0.005154
"#3239",0.010455
"#3240",0.008662
"#3241",0.006596
"#3242",0.006031
"#3243",0.006707
"#3244",0.009199
"#3245",0.007260
"#3246",0.008248
"#3247",0.005304
"#3248",0.007974
"#3249",0.010721
"#3250",0.005884
"#3251",0.004804
"#3252",0.005723
"#3253",0.007712
"#3254",0.004346
"#3255",0.004815
"#3256",0.005677
"#3257",0.006047
"#3258",0.008246
"#3259",0.006970
"#3260",0.005360
"#3261",0.005740
"#3262",0.005462
"#3263",0.006216
"#3264",0.007257
"#3265",0.006921
"#3266",0.006593
"#3267",0.005773
"#3268",0.007364
"#3269",0.007400
"#3270",0.008457
"#3271",0.006715
"#3272",0.007077
"#3273",0.011233
"#3274",0.008743
"#3275",0.013573
"#3276",0.006258
"#3277",0.006810
"#3278",0.006095
"#3279",0.005586
"#3280",0.009031
"#3281",0.011402
"#3282",0.009149
"#3283",0.004026
"#3284",0.007329
"#3285",0.011693
"#3286",0.005565
"#3287",0.007778
"#3288",0.005524
"#3289",0.007816
"#3290",0.005065
"#3291",0.006407
"#3292",0.009810
"#3293",0.007005
"#3294",0.007395
"#3295",0.007427
"#3296",0.006381
"#3297",0.009088
"#3298",0.006809
"#3299",0.004643
"#3300",0.006707
"#3301",0.006080
"#3302",0.008111
"#3303",0.004152
"#3304",0.005919
"#3305",0.005782
"#3306",0.004899
"#3307",0.005841
"#3308",0.004983
"#3309",0.004940
"#3310",0.005853
"#3311",0.005395
"#3312",0.006092
"#3313",0.005765
"#3314",0.005951
"#3315",0.006291
"#3316",0.006789
"#3317",0.009103
"#3318",0.005877
"#3319",0.004767
"#3320",0.010139
"#3321",0.005512
"#3322",0.005333
"#3323",0.007661
"#3324",0.005613
"#3325",0.006825
"#3326",0.007361
"#3327",0.007531
"#3328",0.012684
"#3329",0.008377
"#3330",0.007088
"#3331",0.007258
"#3332",0.006187
"#3333",0.005490
"#3334",0.008175
"#3335",0.004335
"#3336",0.005230
"#3337",0.007938
"#3338",0.007597
"#3339",0.009818
"#3340",0.008042
"#3341",0.008280
"#3342",0.006556
"#3343",0.006749
"#3344",0.017509
"#3345",0.007167
"#3346",0.005686
"#3347",0.009540
"#3348",0.009750
"#3349",0.006805
"#3350",0.008707
"#3351",0.009084
"#3352",0.008965
"#3353",0.013186
"#3354",0.006739
"#3355",0.006483
"#3356",0.006051
"#3357",0.008352
"#3358",0.005611
"#3359",0.004241
"#3360",0.005666
"#3361",0.010497
"#3362",0.007807
"#3363",0.009656
"#3364",0.507042
"#3365",0.005205
"#3366",0.006853
"#3367",0.011211
"#3368",0.008052
"#3369",0.006244
"#3370",0.004828
"#3371",0.007644
"#3372",0.007862
"#3373",0.006717
"#3374",0.008182
"#3375",0.005391
"#3376",0.006552
"#3377",0.007913
"#3378",0.010338
"#3379",0.006267
"#3380",0.007832
"#3381",0.007901
"#3382",0.005285
"#3383",0.006091
"#3384",0.010157
"#3385",0.007032
"#3386",0.009076
"#3387",0.006343
"#3388",0.007434
"#3389",0.005523
"#3390",0.005777
"#3391",0.007971
"#3392",0.012631
"#3393",0.005531
"#3394",0.004512
"#3395",0.008628
"#3396",0.005231
"#3397",0.008676
"#3398",0.009474
"#3399",0.007868
"#3400",0.006122
"#3401",0.007150
"#3402",0.007516
"#3403",0.005729
"#3404",0.006900
"#3405",0.011244
"#3406",0.005467
"#3407",0.014889
"#3408",0.012544
"#3409",0.004884
"#3410",0.005615
"#3411",0.007938
"#3412",0.008375
"#3413",0.005639
"#3414",0.006171
"#3415",0.011364
"#3416",0.005571
"#3417",0.006782
"#3418",0.009900
"#3419",0.008522
"#3420",0.005125
"#3421",0.004513
"#3422",0.007974
"#3423",0.005525
"#3424",0.007274
"#3425",0.006497
"#3426",0.006668
"#3427",0.006035
"#3428",0.009035
"#3429",0.004619
"#3430",0.008782
"#3431",0.007388
"#3432",0.005270
"#3433",0.007695
"#3434",0.005892
"#3435",0.006718
"#3436",0.005041
"#3437",0.007767
"#3438",0.008588
"#3439",0.008402
"#3440",0.004272
"#3441",0.007392
"#3442",0.008096
"#3443",0.006350
"#3444",0.004197
"#3445",0.004874
"#3446",0.005874
"#3447",0.005279
"#3448",0.007118
"#3449",0.011082
"#3450",0.007128
"#3451",0.006098
"#3452",0.008008
"#3453",0.005542
"#3454",0.008235
"#3455",0.006104
"#3456",0.007991
"#3457",0.005370
"#3458",0.006458
"#3459",0.005997
"#3460",0.008077
"#3461",0.007557
"#3462",0.005487
"#3463",0.005117
"#3464",0.005327
"#3465",0.009979
"#3466",0.006965
"#3467",0.007338
"#3468",0.006227
"#3469",0.011002
"#3470",0.007960
"#3471",0.006627
"#3472",0.005228
"#3473",0.006251
"#3474",0.007967
"#3475",0.005686
"#3476",0.005586
"#3477",0.005894
"#3478",0.007328
"#3479",0.006143
"#3480",0.006120
"#3481",0.007537
"#3482",0.006628
"#3483",0.007403
"#3484",0.006618
"#3485",0.006196
"#3486",0.007167
"#3487",0.007741
"#3488",0.011548
"#3489",0.007401
"#3490",0.008700
"#3491",0.004342
"#3492",0.005188
"#3493",0.004215
"#3494",0.005715
"#3495",0.006274
"#3496",0.005031
"#3497",0.005810
"#3498",0.005829
"#3499",0.009021
"#3500",0.008183
"#3501",0.008636
"#3502",0.006789
"#3503",0.008824
"#3504",0.005388
"#3505",0.006126
"#3506",0.007623
"#3507",0.005844
"#3508",0.004618
"#3509",0.004846
"#3510",0.007490
"#3511",0.008161
"#3512",0.006415
"#3513",0.010069
"#3514",0.010739
"#3515",0.005141
"#3516",0.011603
"#3517",0.008626
"#3518",0.009350
"#3519",0.006333
"#3520",0.007456
"#3521",0.005123
"#3522",0.009996
"#3523",0.004791
"#3524",0.008714
"#3525",0.008220
"#3526",0.006134
"#3527",0.006660
"#3528",0.008510
"#3529",0.008614
"#3530",0.007934
"#3531",0.004645
"#3532",0.004600
"#3533",0.007516
"#3534",0.005323
"#3535",0.009975
"#3536",0.011641
"#3537",0.009219
"#3538",0.006080
"#3539",0.009316
"#3540",0.005005
"#3541",0.006329
"#3542",0.006823
"#3543",0.005662
"#3544",0.006481
"#3545",0.015010
"#3546",0.005075
"#3547",0.004372
"#3548",0.005718
"#3549",0.005090
"#3550",0.007035
"#3551",0.005869
"#3552",0.007116
"#3553",0.005181
"#3554",0.008616
"#3555",0.005493
"#3556",0.005946
"#3557",0.007488
"#3558",0.004918
"#3559",0.006955
"#3560",0.007961
"#3561",0.010897
"#3562",0.005313
"#3563",0.005631
"#3564",0.007648
"#3565",0.010602
"#3566",0.006815
"#3567",0.004412
"#3568",0.006040
"#3569",0.004541
"#3570",0.005532
"#3571",0.007361
"#3572",0.008228
"#3573",0.005273
"#3574",0.006671
"#3575",0.009205
"#3576",0.006868
"#3577",0.005843
"#3578",0.006488
"#3579",0.004654
"#3580",0.011735
"#3581",0.006225
"#3582",0.004295
"#3583",0.006050
"#3584",0.009403
"#3585",0.006022
"#3586",0.010286
"#3587",0.007237
"#3588",0.008062
"#3589",0.004617
"#3590",0.007446
"#3591",0.007591
"#3592",0.014587
"#3593",0.005158
"#3594",0.008595
"#3595",0.010996
"#3596",0.023471
"#3597",0.006909
"#3598",0.009270
"#3599",0.006530
"#3600",0.009358
"#3601",0.009778
"#3602",0.005034
"#3603",0.008253
"#3604",0.006146
"#3605",0.005233
"#3606",0.006301
"#3607",0.009531
"#3608",0.010067
"#3609",0.007093
"#3610",0.004849
"#3611",0.007716
"#3612",0.009794
"#3613",0.006330
"#3614",0.006431
"#3615",0.006909
"#3616",0.008810
"#3617",0.005583
"#3618",0.006088
"#3619",0.010131
"#3620",0.007493
"#3621",0.005685
"#3622",0.006283
"#3623",0.009362
"#3624",0.006670
"#3625",0.004349
"#3626",0.006434
"#3627",0.007223
"#3628",0.006378
"#3629",0.008501
"#3630",0.008357
"#3631",0.011587
"#3632",0.008783
"#3633",0.005621
"#3634",0.007042
"#3635",0.010510
"#3636",0.005047
"#3637",0.006194
"#3638",0.006806
"#3639",0.007118
"#3640",0.005641
"#3641",0.005494
"#3642",0.007655
"#3643",0.007322
"#3644",0.004908
"#3645",0.008541
"#3646",0.006890
"#3647",0.006961
"#3648",0.007131
"#3649",0.009116
"#3650",0.006687
"#3651",0.007901
"#3652",0.005055
"#3653",0.005547
"#3654",0.007518
"#3655",0.007183
"#3656",0.009740
"#3657",0.011683
"#3658",0.006589
"#3659",0.008058
"#3660",0.007239
"#3661",0.008561
"#3662",0.006979
"#3663",0.007092
"#3664",0.006962
"#3665",0.006216
"#3666",0.005354
"#3667",0.009097
"#3668",0.008614
"#3669",0.004835
"#3670",0.006085
"#3671",0.006941
"#3672",0.006539
"#3673",0.005536
"#3674",0.005450
"#3675",0.007653
"#3676",0.007014
"#3677",0.009262
"#3678",0.006399
"#3679",0.006595
"#3680",0.006804
"#3681",0.005305
"#3682",0.005107
"#3683",0.007075
"#3684",0.007733
"#3685",0.005524
"#3686",0.004736
"#3687",0.006364
"#3688",0.006647
"#3689",0.012601
"#3690",0.007491
"#3691",0.006597
"#3692",0.005005
"#3693",0.007570
"#3694",0.005643
"#3695",0.005622
"#3696",0.008316
"#3697",0.006186
"#3698",0.006751
"#3699",0.005231
"#3700",0.004619
"#3701",0.005700
"#3702",0.009194
"#3703",0.005550
"#3704",0.007451
"#3705",0.005932
"#3706",0.010002
"#3707",0.004760
"#3708",0.004500
"#3709",0.007916
"#3710",0.005544
"#3711",0.007607
"#3712",0.005961
"#3713",0.006791
"#3714",0.006993
"#3715",0.004613
"#3716",0.005098
"#3717",0.005058
"#3718",0.005939
"#3719",0.005307
"#3720",0.009593
"#3721",0.004617
"#3722",0.004538
"#3723",0.007665
"#3724",0.008013
"#3725",0.008748
"#3726",0.006852
"#3727",0.007634
"#3728",0.004794
"#3729",0.008025
"#3730",0.008454
"#3731",0.007652
"#3732",0.005619
"#3733",0.009612
"#3734",0.004994
"#3735",0.007699
"#3736",0.007492
"#3737",0.006125
"#3738",0.004990
"#3739",0.004568
"#3740",0.009286
"#3741",0.004511
"#3742",0.006605
"#3743",0.004613
"#3744",0.006949
"#3745",0.006229
"#3746",0.011719
"#3747",0.005616
"#3748",0.004676
"#3749",0.006550
"#3750",0.004810
"#3751",0.007439
"#3752",0.007867
"#3753",0.006381
"#3754",0.008840
"#3755",0.009759
"#3756",0.006643
"#3757",0.004344
"#3758",0.007562
"#3759",0.006955
"#3760",0.010086
"#3761",0.006964
"#3762",0.007933
"#3763",0.005300
"#3764",0.011044
"#3765",0.006010
"#3766",0.005714
"#3767",0.006737
"#3768",0.009144
"#3769",0.006795
"#3770",0.005621
"#3771",0.007617
"#3772",0.007393
"#3773",0.006861
"#3774",0.004580
"#3775",0.004995
"#3776",0.005766
"#3777",0.009171
"#3778",0.006927
"#3779",0.009654
"#3780",0.006885
"#3781",0.018014
"#3782",0.004557
"#3783",0.005738
"#3784",0.007679
"#3785",0.005822
"#3786",0.008769
"#3787",0.010625
"#3788",0.007524
"#3789",0.005651
"#3790",0.005798
"#3791",0.005493
"#3792",0.009031
"#3793",0.006709
"#3794",0.009572
"#3795",0.005750
"#3796",0.011224
"#3797",0.006272
"#3798",0.010333
"#3799",0.007155
"#3800",0.006419
"#3801",0.006831
"#3802",0.010076
"#3803",0.005366
"#3804",0.007426
"#3805",0.005955
"#3806",0.004315
"#3807",0.006250
"#3808",0.009297
"#3809",0.004597
"#3810",0.010191
"#3811",0.011250
"#3812",0.008189
"#3813",0.005407
"#3814",0.005745
"#3815",0.006545
"#3816",0.006523
"#3817",0.004587
"#3818",0.009115
"#3819",0.009678
"#3820",0.006325
"#3821",0.005438
"#3822",0.006635
"#3823",0.009343
"#3824",0.006469
"#3825",0.004021
"#3826",0.006290
"#3827",0.010064
"#3828",0.007446
"#3829",0.008191
"#3830",0.004997
"#3831",0.008859
"#3832",0.008392
"#3833",0.006603
"#3834",0.006155
"#3835",0.010024
"#3836",0.007197
"#3837",0.005856
"#3838",0.005878
"#3839",0.006871
"#3840",0.004777
"#3841",0.008993
"#3842",0.008731
"#3843",0.010075
"#3844",0.005610
"#3845",0.020065
"#3846",0.004774
"#3847",0.008774
"#3848",0.005595
"#3849",0.008753
"#3850",0.006462
"#3851",0.007022
"#3852",0.006983
"#3853",0.008578
"#3854",0.007546
"#3855",0.005811
"#3856",0.010184
"#3857",0.006646
"#3858",0.006119
"#3859",0.005503
"#3860",0.006175
"#3861",0.007053
"#3862",0.008229
"#3863",0.005467
"#3864",0.007647
"#3865",0.009217
"#3866",0.008073
"#3867",0.004353
"#3868",0.004925
"#3869",0.005125
"#3870",0.009217
"#3871",0.005138
"#3872",0.004472
"#3873",0.005460
"#3874",0.006974
"#3875",0.005563
"#3876",0.005155
"#3877",0.006331
"#3878",0.007718
"#3879",0.007424
"#3880",0.004682
"#3881",0.006007
"#3882",0.007638
"#3883",0.007273
"#3884",0.006169
"#3885",0.008048
"#3886",0.006265
"#3887",0.005674
"#3888",0.006918
"#3889",0.004595
"#3890",0.006894
"#3891",0.004430
"#3892",0.006881
"#3893",0.006674
"#3894",0.007394
"#3895",0.008659
"#3896",0.007696
"#3897",0.006756
"#3898",0.004637
"#3899",0.004665
"#3900",0.006942
"#3901",0.009125
"#3902",0.004401
"#3903",0.005915
"#3904",0.010265
"#3905",0.005549
"#3906",0.006689
"#3907",0.005434
"#3908",0.005500
"#3909",0.005346
"#3910",0.005438
"#3911",0.005447
"#3912",0.006584
"#3913",0.004953
"#3914",0.006898
"#3915",0.004903
"#3916",0.008335
"#3917",0.005631
"#3918",0.006715
"#3919",0.007221
"#3920",0.007330
"#3921",0.004466
"#3922",0.004993
"#3923",0.008048
"#3924",0.005281
"#3925",0.006995
"#3926",0.010060
"#3927",0.006982
"#3928",0.007052
"#3929",0.010693
"#3930",0.007023
"#3931",0.008657
"#3932",0.005580
"#3933",0.006369
"#3934",0.009233
"#3935",0.009371
"#3936",0.004380
"#3937",0.006389
"#3938",0.005621
"#3939",0.007266
"#3940",0.006873
"#3941",0.007396
"#3942",0.006676
"#3943",0.014666
"#3944",0.004921
"#3945",0.006806
"#3946",0.009125
"#3947",0.007545
"#3948",0.004990
"#3949",0.005595
"#3950",0.005403
"#3951",0.010351
"#3952",0.006688
"#3953",0.006742
"#3954",0.009584
"#3955",0.006778
"#3956",0.007104
"#3957",0.007216
"#3958",0.007100
"#3959",0.008730
"#3960",0.005710
"#3961",0.007903
"#3962",0.005852
"#3963",0.007586
"#3964",0.006274
"#3965",0.007446
"#3966",0.004814
"#3967",0.005566
"#3968",0.007122
"#3969",0.006330
"#3970",0.006948
"#3971",0.009159
"#3972",0.006437
"#3973",0.005449
"#3974",0.005644
